"lon","lat","Class"
-142.9,61.5,"A"
-132.7982,55.1872,"A"
-132.8202,55.2035,"A"
-141.5667,62.9375,"A"
-149.7853,61.0595,"A"
-141.3165,62.77335,"A"
-147.8142,64.89139,"A"
-85.16235,32.31435,"A"
-87.32655,33.28375,"A"
-86.4559,34.95605,"A"
-86.66465,34.5422,"A"
-87.02025,34.9263,"A"
-87.50905,34.80405,"A"
-87.1105,34.92855,"A"
-88.17885,33.13195,"A"
-88.08305,31.4515,"A"
-87.45876,33.97575,"A"
-87.96095,31.58255,"A"
-86.6333,34.4881,"A"
-87.00665,34.6802,"A"
-87.09069,31.16,"A"
-88.14999,33.13,"A"
-87.35664,33.21145,"A"
-87.31821,33.26035,"A"
-86.52105,34.7325,"A"
-85.4258,32.6218,"A"
-86.64066,33.3674,"A"
-86.4664,33.6205,"A"
-86.7891,33.8132,"A"
-87.24547,32.30673,"A"
-86.99782,31.00002,"A"
-85.705,32.43,"A"
-85.625,33.35,"A"
-86.17524,34.27607,"A"
-86.5,33.59,"A"
-86.581,32.184,"A"
-86.17122,33.36305,"A"
-86.6575,34.71139,"A"
-87.91833,30.7113,"A"
-86.4891,32.76967,"A"
-85.35995,31.86801,"A"
-87.53395,33.8957,"A"
-87.53395,33.8957,"A"
-87.77686,34.70112,"A"
-92.34083,34.55056,"A"
-92.38222,36.19444,"A"
-92.385,36.33528,"A"
-93,34.08,"A"
-93.1,34.25,"A"
-94.3643,33.76986,"A"
-91.735,34.787,"A"
-90.51056,36.12083,"A"
-92.03389,33.82111,"A"
-93.83426,35.9975,"A"
-93.15208,35.42097,"A"
-93.20389,33.88861,"A"
-93.886,33.26666,"A"
-91.1125,36.19791,"A"
-92.58667,34.56444,"A"
-91.87,36.37111,"A"
-94.23417,36.20611,"A"
-94.45417,34.70694,"A"
-94.44694,36.18333,"A"
-91.45889,35.64861,"A"
-93.94583,36.34167,"A"
-91.08056,34.88111,"A"
-93.13361,35.27833,"A"
-93.9475,33.18639,"A"
-92.40778,34.53167,"A"
-94.356,35.09306,"A"
-91.27056,33.7985,"A"
-93.74,36.41,"A"
-91.51306,35.44944,"A"
-92.61493,33.14663,"A"
-92.12,34.87,"A"
-93.75723,36.31519,"A"
-92.64423,33.2467,"A"
-92.64066,33.26462,"A"
-93.162,34.285,"A"
-93.75313,35.34572,"A"
-90.32,35.0194,"A"
-94.3745,34.369,"A"
-93.07654,34.44652,"A"
-93.89135,33.14759,"A"
-94.229,35.36335,"A"
-92.63179,36.29871,"A"
-110.1835,31.99003,"A"
-110.8403,34.90831,"A"
-109.4276,36.09081,"A"
-111.5,34.4,"A"
-109.3191,33.6247,"A"
-109.29,36.54165,"A"
-111.938,35.656,"A"
-109.64,34.325,"A"
-109.675,32.815,"A"
-109.44,34.6,"A"
-111.69,33.85,"A"
-110.4298,33.99989,"A"
-112.6432,33.3785,"A"
-111.1367,34.28939,"A"
-111.8634,35.241,"A"
-110.165,34.1,"A"
-112.5421,34.55154,"A"
-110,34,"A"
-119.6436,37.35944,"A"
-119.9833,38.93333,"A"
-120.0914,38.9575,"A"
-124.1625,40.80222,"A"
-119.836,38.28085,"A"
-121.9139,40.33556,"A"
-119.2119,37.23389,"A"
-119.9065,38.17677,"A"
-120.6781,41.41,"A"
-120.205,38.93,"A"
-119.9833,38.93333,"A"
-120.1358,38.86,"A"
-118.9975,37.35861,"A"
-120.1877,38.06615,"A"
-118.8489,36.10222,"A"
-119.9811,38.19753,"A"
-122.4306,41.45833,"A"
-122.3839,41.42806,"A"
-119.2642,38.04806,"A"
-122.7325,40.63556,"A"
-120.2339,38.03898,"A"
-118.1303,36.05278,"A"
-119.8633,38.26661,"A"
-122.9958,41.82417,"A"
-123.1317,41.3657,"A"
-122.5833,38.25583,"A"
-120.8908,39.21278,"A"
-119.2569,37.91111,"A"
-116.8625,33.2675,"A"
-122.2703,41.21361,"A"
-120.2653,39.3225,"A"
-121.6156,40.92911,"A"
-123.4817,39.68833,"A"
-120.0133,38.85556,"A"
-119.9833,38.93333,"A"
-123.8692,40.26639,"A"
-123.8692,40.26639,"A"
-121.495,36.2485,"A"
-122.3775,40.8875,"A"
-122.1781,39.92778,"A"
-121.0161,39.26361,"A"
-123.4817,39.68833,"A"
-123.7675,39.22361,"A"
-118.972,37.5703,"A"
-120.5836,38.72139,"A"
-121.58,39.205,"A"
-124,40.465,"A"
-119.2119,37.23389,"A"
-118.7402,36.0438,"A"
-120.3275,39.31917,"A"
-120.2434,38.0312,"A"
-121.7,37,"A"
-122.1667,40.75,"A"
-123.55,40.85,"A"
-120.6033,38.90333,"A"
-120.201,36.7818,"A"
-122.278,40.7974,"A"
-121.2919,35.5565,"A"
-121.7146,36.3779,"A"
-123.35,41.75,"A"
-119.5483,38.3068,"A"
-121.0517,39.25396,"A"
-123.85,41.65,"A"
-123.2718,40.7485,"A"
-123.35,41.75,"A"
-121.4871,37.39555,"A"
-120.3784,39.50435,"A"
-122.8055,40.6789,"A"
-120.2201,38.86165,"A"
-118.9166,37.58325,"A"
-124.0687,41.21385,"A"
-122.6667,40.7333,"A"
-121.7138,38.4906,"A"
-123.1668,41.8333,"A"
-118.4333,34.6167,"A"
-123.056,41.28996,"A"
-123.2393,39.83929,"A"
-119,37.9333,"A"
-123.3899,39.51489,"A"
-119.7853,38.33115,"A"
-119.2916,34.625,"A"
-116.5333,33.95002,"A"
-118.375,36.70835,"A"
-121.07,37.475,"A"
-123.0585,38.83996,"A"
-118.125,36.79165,"A"
-119.9254,34.73389,"A"
-123.1749,41.98645,"A"
-120.2083,38.79998,"A"
-121.18,39.705,"A"
-118.5834,34.76666,"A"
-123.4498,41.65925,"A"
-121,38.25,"A"
-114.4419,50.4023,"A"
-114.2347,50.0865,"A"
-114.3957,55.26332,"A"
-114.1397,53.62819,"A"
-115.8742,52.51666,"A"
-117.1638,56.12543,"A"
-113.0987,53.92005,"A"
-116.0426,50.84333,"A"
-121.3177,49.3402,"A"
-119.665,53.08,"A"
-121.3324,56.3321,"A"
-122.1751,50.80041,"A"
-123.12,59.61,"A"
-123.2054,49.94374,"A"
-123.94,49.54,"A"
-123.8562,49.51069,"A"
-120.4736,53.59444,"A"
-122.0064,54.23708,"A"
-121.3976,49.62125,"A"
-119.8664,49.09555,"A"
-122.1171,49.4068,"A"
-121.525,49.175,"A"
-121.94,49.24,"A"
-117.8504,49.28569,"A"
-118.398,51.05747,"A"
-124.2872,48.83319,"A"
-123.6171,48.56704,"A"
-125.3675,49.26528,"A"
-122.6089,49.0922,"A"
-119.8076,49.73385,"A"
-115.5743,50.29765,"A"
-123.3647,48.35765,"A"
-118.188,50.58304,"A"
-127.735,50.8604,"A"
-124.6929,49.4085,"A"
-116.5133,49.41289,"A"
-98.03333,50.25,"A"
-96.17149,50.5697,"A"
-99.11815,52.9884,"A"
-97.595,54.245,"A"
-100.9129,50.91725,"A"
-67.05334,45.6746,"A"
-64.4627,45.98335,"A"
-79.5985,43.2114,"A"
-79.1338,45.01904,"A"
-79.76308,44.86073,"A"
-81.00553,49.16669,"A"
-93.88194,51.03445,"A"
-80.60942,43.62427,"A"
-79.94618,48.03027,"A"
-75.63184,44.53995,"A"
-92.04907,48.36266,"A"
-94.02934,49.40276,"A"
-93.47855,48.60385,"A"
-94.5176,52.6752,"A"
-79.81129,48.51035,"A"
-76.4198,44.61615,"A"
-80.02915,44.15255,"A"
-134.4837,60.36933,"A"
-135.1155,60.69976,"A"
-105.4979,37.57915,"A"
-105.8199,39.67095,"A"
-107.0153,39.1084,"A"
-105.9583,40.79166,"A"
-105.1058,38.8922,"A"
-105.0652,39.21338,"A"
-107.8833,38.49833,"A"
-106.4917,37.30833,"A"
-106.5123,37.32255,"A"
-104.9677,39.42923,"A"
-106.8085,39.6632,"A"
-104.9743,38.8993,"A"
-104.9908,38.54166,"A"
-106.4269,39.18975,"A"
-106.3833,39.26944,"A"
-105.3646,40.57499,"A"
-108.5417,40.45418,"A"
-107.7667,37.75417,"A"
-105.1598,38.753,"A"
-105.9333,40.54167,"A"
-106.2583,39.24998,"A"
-108.2083,37.4625,"A"
-105.1167,38.4,"A"
-104.8604,38.6691,"A"
-106.3,39.25,"A"
-106.2275,39.32385,"A"
-107.0671,39.3375,"A"
-106.6535,40.4521,"A"
-104.9917,38.9006,"A"
-105.4826,37.5969,"A"
-105.2155,39.11636,"A"
-106.8583,37.025,"A"
-104.3786,37.09263,"A"
-106.6417,38.59998,"A"
-106.4417,39.0917,"A"
-106.625,39.45824,"A"
-105.3542,39.31667,"A"
-107.7084,38.875,"A"
-105.1146,38.826,"A"
-105.298,40.00817,"A"
-105.2146,39.0465,"A"
-108.3364,37.33925,"A"
-107.9514,39.16305,"A"
-105.1137,38.0654,"A"
-105.3792,40.17585,"A"
-104.9426,38.5859,"A"
-106.1666,39.7198,"A"
-107.7247,37.83905,"A"
-104.875,38.716,"A"
-105.7854,39.39565,"A"
-106.5445,39.1006,"A"
-105.6385,40.84707,"A"
-106.496,37.37285,"A"
-73.1512,41.36935,"A"
-85.6489,30.98555,"A"
-84.60745,30.6645,"A"
-80.21295,26.5931,"A"
-82.0332,27.0047,"A"
-81.52915,30.2333,"A"
-80.8595,28.3725,"A"
-80.1937,26.27395,"A"
-80.21025,26.08285,"A"
-81.75165,30.05705,"A"
-81.76041,26.15915,"A"
-80.8368,26.06885,"A"
-81.29691,25.91695,"A"
-82.98365,29.6699,"A"
-82.50591,28.50665,"A"
-85.217,30.8724,"A"
-81.62275,29.10635,"A"
-82.05835,29.0599,"A"
-81.90875,29.1951,"A"
-81.9233,29.19395,"A"
-86.5065,30.51295,"A"
-80.93504,28.3609,"A"
-81.12476,27.97255,"A"
-81.0621,28.1382,"A"
-81.19445,27.99245,"A"
-82.6053,28.3836,"A"
-80.93919,28.85025,"A"
-86.9648,30.84015,"A"
-81.3456,29.85375,"A"
-81.96195,29.7351,"A"
-81.8708,26.59885,"A"
-82.45165,27.7068,"A"
-81.5446,28.6901,"A"
-82.55556,29.4179,"A"
-82.3657,29.77535,"A"
-81.1273,29.47035,"A"
-81.0651,26.01535,"A"
-81.68295,29.77295,"A"
-80.13215,27.0099,"A"
-84.20835,30.4836,"A"
-87.1814,30.9905,"A"
-85.76891,30.7599,"A"
-82.52655,28.5716,"A"
-81.3065,25.8972,"A"
-80.8044,27.3973,"A"
-81.80005,29.98085,"A"
-81.4189,30.4544,"A"
-86.6913,30.56775,"A"
-85.6316,30.4664,"A"
-81.9055,29.07655,"A"
-85.95136,30.9854,"A"
-82.929,29.591,"A"
-82.46557,27.28518,"A"
-80.60976,26.61979,"A"
-81.93871,28.00845,"A"
-82.454,27.099,"A"
-81.9742,27.89469,"A"
-82.42,29.098,"A"
-82.438,28.043,"A"
-84.583,30.587,"A"
-81.33,25.927,"A"
-81.35876,27.37341,"A"
-81.6965,28.775,"A"
-81.771,30.069,"A"
-82.6505,29.191,"A"
-80.926,25.141,"A"
-82.44749,28.252,"A"
-81.22285,26.0079,"A"
-82.879,30.3125,"A"
-81.83705,30.2809,"A"
-81.82794,30.05287,"A"
-82.3722,29.1039,"A"
-81.88324,30.10139,"A"
-81.90216,30.03432,"A"
-81.90477,28.78028,"A"
-81.54172,30.23693,"A"
-81.89565,30.10386,"A"
-81.94118,30.11584,"A"
-80.43689,25.51665,"A"
-81.80878,29.43465,"A"
-81.7268,29.3143,"A"
-85.3948,29.93629,"A"
-81.7757,28.86151,"A"
-81.9755,27.7752,"A"
-81.89905,30.10851,"A"
-81.48598,25.95574,"A"
-82.76431,28.19899,"A"
-82.24487,28.14617,"A"
-82.71758,28.29425,"A"
-81.95577,28.44926,"A"
-82.33316,29.58358,"A"
-82.6783,29.47368,"A"
-81.85762,30.08748,"A"
-81.95577,28.44926,"A"
-81.97483,28.50566,"A"
-81.91354,29.94011,"A"
-82.44225,29.39384,"A"
-86.7513,30.6966,"A"
-80.84301,28.93312,"A"
-82.40295,28.78812,"A"
-80.7217,28.31193,"A"
-82.2543,27.20028,"A"
-82.53305,28.78806,"A"
-81.86789,29.36953,"A"
-80.84716,28.48899,"A"
-80.16933,26.80829,"A"
-81.2299,29.83863,"A"
-81.52609,29.28971,"A"
-80.55011,27.78042,"A"
-81.20045,28.54205,"A"
-85.12705,33.26885,"A"
-85,34,"A"
-84.59345,34.28745,"A"
-82.24471,33.3646,"A"
-83.4192,34.6423,"A"
-85.0409,32.0538,"A"
-81.88475,31.8792,"A"
-84.2269,34.70435,"A"
-83.412,30.67,"A"
-81.73075,31.82345,"A"
-84.53352,33.70037,"A"
-84.869,33.5388,"A"
-83.714,34.672,"A"
-81.41267,31.08925,"A"
-82.24886,32.38575,"A"
-83.69085,34.68319,"A"
-84.2532,33.32442,"A"
-83.48067,34.74775,"A"
-82.1341,31.2439,"A"
-83.13654,31.24842,"A"
-84.7681,33.48295,"A"
-81.436,32.0391,"A"
-84.78979,33.80785,"A"
-84.97515,33.81029,"A"
-84.1293,31.43265,"A"
-84.73846,34.1318,"A"
-84.5136,34.48287,"A"
-85.31646,34.42654,"A"
-83.80404,34.64145,"A"
-84.383,34.39965,"A"
-83.26071,31.17384,"A"
-84.58501,34.8155,"A"
-82.86789,34.06705,"A"
-84.48006,34.31955,"A"
-84.5317,33.49565,"A"
-84.73555,33.2706,"A"
-82.6386,30.83105,"A"
-81.64665,31.46641,"A"
-84.72352,34.8243,"A"
-83.66153,31.18562,"A"
-81.61756,31.9853,"A"
-83.77811,34.7673,"A"
-85.18678,34.17521,"A"
-85.02602,32.96854,"A"
-92.9008,41.3675,"A"
-93.82007,42.47806,"A"
-93.974,41.59377,"A"
-91.3867,43.078,"A"
-94.356,42.8674,"A"
-91.75205,40.995,"A"
-93.63804,41.62183,"A"
-96.40213,42.50817,"A"
-93.77783,40.59604,"A"
-92.76577,43.17215,"A"
-94.22206,42.72063,"A"
-94.3677,42.0152,"A"
-90.729,42.466,"A"
-93.22192,42.73854,"A"
-91.8043,42.7525,"A"
-91.68192,42.28422,"A"
-93.85965,40.8348,"A"
-94.045,41.461,"A"
-90.66615,42.4104,"A"
-91.74585,41.47445,"A"
-90.76557,42.55997,"A"
-111.1241,42.5149,"A"
-116.8381,48.18611,"A"
-115.75,45.08334,"A"
-116.0833,44.91666,"A"
-116.4,44.85,"A"
-116.25,42.79166,"A"
-116.9156,45.9978,"A"
-115.9167,44.75,"A"
-114.7503,44.25028,"A"
-115.5833,44.41666,"A"
-115.75,45.08334,"A"
-116.9266,47.70965,"A"
-116.0558,48.1143,"A"
-112.455,44.0925,"A"
-116.0834,44.58335,"A"
-116.8368,46.8102,"A"
-114.8281,43.4082,"A"
-111.7899,43.41005,"A"
-116.1475,48.255,"A"
-114.2634,42.21834,"A"
-115.586,46.94,"A"
-115.9965,47.509,"A"
-116.934,48.6334,"A"
-116.4171,48.49805,"A"
-111.1241,42.5149,"A"
-115.8714,44.28265,"A"
-90.608,39.2949,"A"
-89.136,38.98,"A"
-88.71672,37.34339,"A"
-91.0007,40.4664,"A"
-91.0863,40.8139,"A"
-89.9595,41.30412,"A"
-89.689,41.7798,"A"
-89.558,39.06,"A"
-90.16171,38.92241,"A"
-90.0594,40.5332,"A"
-89.09732,38.68707,"A"
-88.929,37.91,"A"
-88.562,41.3368,"A"
-88.595,41.295,"A"
-88.55,41.33,"A"
-88.562,41.3368,"A"
-88.1577,42.1295,"A"
-87.47077,40.34057,"A"
-89.54485,38.4763,"A"
-90.459,40.316,"A"
-89.5,39.853,"A"
-89.85,42.21,"A"
-89.022,42.1846,"A"
-88.867,39.781,"A"
-89.582,38.946,"A"
-89.98351,39.06,"A"
-90.9009,40.9452,"A"
-90.40675,41.55965,"A"
-90.64,39.607,"A"
-88.9963,37.289,"A"
-89.341,38.567,"A"
-89.80125,38.72226,"A"
-89.48787,39.26776,"A"
-90.1451,38.9951,"A"
-87.58124,41.16124,"A"
-89.3211,41.2285,"A"
-88.724,40.19732,"A"
-89.88871,39.93521,"A"
-89.73378,40.82944,"A"
-87.79683,41.63289,"A"
-90.24173,39.57463,"A"
-90.012,38.7774,"A"
-90.18651,39.6548,"A"
-90.17564,39.53747,"A"
-89.4691,39.7721,"A"
-90.0055,40.5658,"A"
-89.3469,39.5075,"A"
-89.99328,40.62288,"A"
-87.83285,41.84136,"A"
-89.3469,39.5075,"A"
-88.53889,41.33018,"A"
-88.60814,41.29663,"A"
-88.38197,37.60075,"A"
-90.40184,39.02341,"A"
-90.0795,41.7584,"A"
-88.71103,41.42396,"A"
-89.41959,40.14471,"A"
-88.1676,39.8213,"A"
-88.706,41.4209,"A"
-87.68468,38.71682,"A"
-89.88347,40.59904,"A"
-90.18332,40.98073,"A"
-88.29926,42.18476,"A"
-88.4586,41.61575,"A"
-90.16501,38.51689,"A"
-88.71402,41.42741,"A"
-86.1512,40.18,"A"
-85.7037,41.3382,"A"
-86.5945,41.062,"A"
-85.61,39.3579,"A"
-85.8486,39.365,"A"
-86.1084,40.0403,"A"
-86.161,39.4862,"A"
-86.11,39.38,"A"
-87.3203,38.01,"A"
-87.23335,39.8679,"A"
-86.57665,39.01166,"A"
-86.46065,39.32117,"A"
-86.64338,38.12318,"A"
-84.971,39.17295,"A"
-86.25349,38.6899,"A"
-85.69739,40.54919,"A"
-85.3532,40.8179,"A"
-85.5481,39.45697,"A"
-94.72448,37.81005,"A"
-96.9614,39.1489,"A"
-95.0802,37.0504,"A"
-94.6837,38.6234,"A"
-96.8223,39.1463,"A"
-97.60829,37.52947,"A"
-97.40294,37.64103,"A"
-95.84024,39.33292,"A"
-95.7455,37.192,"A"
-95.2577,38.9142,"A"
-97.3374,37.0581,"A"
-95.91632,37.2974,"A"
-95.6491,38.3908,"A"
-95.747,39.072,"A"
-96.44296,38.62563,"A"
-88.41175,36.8207,"A"
-83.67952,37.7764,"A"
-84.92358,37.3181,"A"
-84.97527,37.95708,"A"
-82.7989,38.53187,"A"
-82.88309,37.94235,"A"
-82.74628,37.77591,"A"
-88.9949,36.9372,"A"
-83.66641,36.7999,"A"
-87.89844,37.34029,"A"
-84.2552,37.53705,"A"
-84.1989,37.89508,"A"
-83.9311,38.45795,"A"
-85.0016,38.44148,"A"
-87.02245,36.89478,"A"
-86.98705,37.05575,"A"
-83.83695,38.51465,"A"
-83.80266,38.63454,"A"
-84.28714,37.57039,"A"
-83.25562,37.37814,"A"
-82.69576,37.26532,"A"
-82.64877,38.42968,"A"
-82.43635,37.83777,"A"
-84.33998,36.66257,"A"
-83.32354,38.56277,"A"
-82.83425,38.02825,"A"
-83.81139,37.82708,"A"
-84.588,38.528,"A"
-83.0452,36.9265,"A"
-82.83278,38.02653,"A"
-87.96917,37.75972,"A"
-88.15556,36.82806,"A"
-87.89472,36.75139,"A"
-83.95846,37.0787,"A"
-83.9769,37.06226,"A"
-87.52757,37.29395,"A"
-87.344,37.6095,"A"
-83.85683,36.67311,"A"
-83.89224,37.49582,"A"
-83.46259,38.05703,"A"
-84.67017,38.90649,"A"
-84.10435,37.75745,"A"
-86.45915,36.68937,"A"
-83.08006,37.81144,"A"
-87.01657,37.64966,"A"
-84.50035,37.55156,"A"
-82.48093,37.42701,"A"
-84.94009,38.12912,"A"
-82.5183,37.47975,"A"
-82.73412,38.1078,"A"
-86.11702,37.96027,"A"
-84.79574,39.08002,"A"
-84.90234,37.97699,"A"
-90.8493,30.1878,"A"
-93.9467,32.7817,"A"
-92.3104,31.6825,"A"
-92.37835,31.3799,"A"
-92.4976,31.1375,"A"
-92.4054,31.3058,"A"
-92.40895,32.8057,"A"
-93.2512,31.1458,"A"
-92.3104,31.6825,"A"
-92.3309,31.4871,"A"
-93.0887,31.6498,"A"
-92.2508,31.4676,"A"
-92.3495,31.3904,"A"
-91.01565,30.49905,"A"
-93.2952,31.14195,"A"
-92.6221,30.2576,"A"
-93.50845,31.5831,"A"
-92.914,32.0199,"A"
-93.45,32.895,"A"
-91.14448,32.0131,"A"
-92.46844,31.40304,"A"
-71.9023,42.6688,"A"
-71.58914,42.01496,"A"
-70.95906,41.74419,"A"
-76.82731,39.08414,"A"
-76.34047,39.67183,"A"
-84.58583,43.74,"A"
-82.53083,43.26806,"A"
-84.42722,43.59611,"A"
-87.73236,46.61183,"A"
-84.2114,43.79834,"A"
-83.60472,42.30472,"A"
-84.66833,43.5975,"A"
-85.60028,42.39472,"A"
-85.34194,43.235,"A"
-84.7602,44.4355,"A"
-86.16861,42.86361,"A"
-83.18583,43.41444,"A"
-83.27139,43.94111,"A"
-87.42407,46.47182,"A"
-84.35389,41.93,"A"
-83.92834,43.92736,"A"
-83.58,42.40611,"A"
-85.82096,44.51436,"A"
-85.05965,42.323,"A"
-84.05358,44.36434,"A"
-84.7802,41.9773,"A"
-84.72922,44.29188,"A"
-88.16701,46.5244,"A"
-88.8497,46.7691,"A"
-87.98718,46.01398,"A"
-87.48289,46.09045,"A"
-84.87524,45.91515,"A"
-87.3289,45.9642,"A"
-84.7378,42.3125,"A"
-85.95865,46.34575,"A"
-85.589,46.56725,"A"
-84.40335,44.41835,"A"
-85.41,43.21,"A"
-86.5228,46.3126,"A"
-84.04025,42.68505,"A"
-84.71,44.7,"A"
-88.28403,46.56913,"A"
-85.97613,46.18968,"A"
-86.1437,45.964,"A"
-85.86292,44.62845,"A"
-84.425,45.1475,"A"
-84.12485,44.76,"A"
-83.845,44.565,"A"
-84.6,44.17335,"A"
-84.06493,44.5256,"A"
-84.355,43.87,"A"
-85.12935,43.45135,"A"
-84.9825,43.1095,"A"
-84.165,44.94835,"A"
-84.0415,44.59665,"A"
-84.91665,46.37165,"A"
-85.00165,44.76665,"A"
-84.605,45.35665,"A"
-84.22701,42.068,"A"
-83.85985,45.40985,"A"
-85.075,44.525,"A"
-85,45,"A"
-86.21193,46.19183,"A"
-84.2995,41.871,"A"
-86.4565,43.674,"A"
-92.36145,43.80075,"A"
-93.02428,47.27147,"A"
-92.36145,43.80075,"A"
-92.53,47.5754,"A"
-93.06226,45.1836,"A"
-95.11484,46.50385,"A"
-94.98708,47.43842,"A"
-93.25262,47.52522,"A"
-93,47.5,"A"
-91.432,37.8597,"A"
-92.97639,38.04414,"A"
-91.6533,39.8397,"A"
-91.2,36.6,"A"
-91.09014,39.29007,"A"
-91.093,39.3735,"A"
-92.20055,37.82861,"A"
-93.5577,38.0944,"A"
-93.8794,37.9939,"A"
-90.0329,37.8602,"A"
-90.7517,38.039,"A"
-90.675,38.655,"A"
-93.13545,37.07354,"A"
-93.71506,37.11433,"A"
-92.59781,38.81124,"A"
-92.173,37.714,"A"
-92.425,36.615,"A"
-93.4303,37.0968,"A"
-92.8254,38.3085,"A"
-91.6253,38.28,"A"
-94.5383,37.1058,"A"
-92.9282,39.7557,"A"
-92.411,38.305,"A"
-93.614,37.3317,"A"
-93.8232,36.8133,"A"
-91.96238,38.62,"A"
-90.52987,38.69428,"A"
-93.894,37.117,"A"
-90.9525,36.66708,"A"
-93.65774,36.67065,"A"
-89.67815,36.00565,"A"
-90.39488,38.22635,"A"
-94.856,39.859,"A"
-89.6075,37.286,"A"
-93.684,37.664,"A"
-89.55949,37.236,"A"
-93.82087,37.87153,"A"
-90.53249,38.73802,"A"
-92.09264,36.97061,"A"
-90.79886,37.79465,"A"
-89.98725,36.06055,"A"
-91.16042,38.2081,"A"
-92.36771,38.9099,"A"
-89.86899,36.87593,"A"
-94.52888,37.03575,"A"
-90.66216,38.21285,"A"
-94.60989,36.51627,"A"
-92.07335,38.56724,"A"
-92.3046,36.8109,"A"
-94.16049,39.04035,"A"
-94.11218,37.85524,"A"
-90.71574,31.1603,"A"
-89.59135,33.10925,"A"
-89.6111,30.2464,"A"
-88.74805,32.3372,"A"
-88.40335,33.50025,"A"
-89.845,34.31605,"A"
-88.7496,32.2714,"A"
-89.0338,30.97675,"A"
-90.8022,33.56555,"A"
-91.08505,31.39275,"A"
-88.864,32.1806,"A"
-88.19894,34.60905,"A"
-88.77015,32.036,"A"
-88.77015,32.036,"A"
-90.19371,32.40191,"A"
-111.125,45.22417,"A"
-113.1236,48.36139,"A"
-112.7031,47.04333,"A"
-111.8861,46.76472,"A"
-113.8381,46.97694,"A"
-110.3308,46.01833,"A"
-104.1922,47.70667,"A"
-110.8069,45.66722,"A"
-112.702,46.83285,"A"
-111.9094,47.12806,"A"
-115.3903,47.62167,"A"
-114.0717,47.06032,"A"
-113.1198,46.02962,"A"
-106.8331,45.0262,"A"
-114.0125,45.82285,"A"
-112.4554,45.9754,"A"
-108.6873,47.66724,"A"
-77.2914,34.6894,"A"
-82.443,35.33975,"A"
-83.28265,35.2483,"A"
-76.29115,36.3715,"A"
-80.26915,35.2256,"A"
-80.7704,36.09945,"A"
-78.4048,35.5311,"A"
-78.63611,35.18637,"A"
-78.09365,36.21335,"A"
-80.6282,35.91965,"A"
-79.03025,36.31625,"A"
-80.0616,35.4449,"A"
-77.50434,34.53784,"A"
-81.5917,35.6267,"A"
-82.829,35.892,"A"
-76.946,35.998,"A"
-82.287,35.451,"A"
-82.321,35.618,"A"
-79.75644,35.30773,"A"
-80.375,35.75,"A"
-77.23759,34.40434,"A"
-77.90525,36.0089,"A"
-81.30889,36.31126,"A"
-81.92929,35.88561,"A"
-79.21278,35.18083,"A"
-82.05008,35.85107,"A"
-82.22121,35.75278,"A"
-77.53445,34.50917,"A"
-82.56715,35.41939,"A"
-101.3166,48.25422,"A"
-102.701,47.72964,"A"
-101.8886,47.71188,"A"
-96.7432,40.1399,"A"
-97.97573,42.76609,"A"
-96.6824,40.84792,"A"
-95.88,41.134,"A"
-95.92,41.238,"A"
-98.22576,41.55099,"A"
-100.5501,42.87331,"A"
-103.398,42.5893,"A"
-74.4611,40.478,"A"
-74.6215,40.7446,"A"
-74.2918,40.8959,"A"
-74.321,41.08335,"A"
-74.68135,40.16465,"A"
-74.3249,40.9934,"A"
-74.43445,39.60835,"A"
-74.59959,41.14652,"A"
-74.85561,40.8192,"A"
-105.7395,33.27735,"A"
-108.87,36.126,"A"
-106.8803,35.98475,"A"
-105.7947,33.15405,"A"
-108.8676,35.63736,"A"
-104.4801,36.9934,"A"
-107.3956,36.72065,"A"
-107.6021,36.7474,"A"
-109.0612,36.39135,"A"
-108.7608,36.81315,"A"
-107.9978,35.58565,"A"
-108.892,36.08089,"A"
-105.9678,36.65339,"A"
-108.2034,35.37201,"A"
-119.6564,39.29056,"A"
-119.6665,39.679,"A"
-119.8458,39.00056,"A"
-118.325,37.8583,"A"
-77.4028,42.6153,"A"
-75.0116,42.36176,"A"
-75.64853,42.1174,"A"
-74.14589,44.26646,"A"
-78.23962,43.34806,"A"
-77.93121,42.09785,"A"
-73.7171,41.5036,"A"
-75.3811,42.32921,"A"
-78.54224,43.19501,"A"
-78.82683,42.15947,"A"
-77.60525,42.28045,"A"
-74.8865,42.56379,"A"
-78.3253,43.22649,"A"
-73.87915,41.94512,"A"
-76.89331,43.27314,"A"
-81.11642,40.98596,"A"
-81.27132,39.88653,"A"
-82.36887,39.58157,"A"
-84.18491,40.24354,"A"
-83.02854,40.15002,"A"
-80.88494,41.72134,"A"
-80.77387,40.36957,"A"
-82.69884,40.38609,"A"
-83.95184,39.92104,"A"
-83.94906,39.85461,"A"
-83.96562,39.86096,"A"
-83.96123,39.89216,"A"
-81.25768,40.77789,"A"
-82.29162,39.78594,"A"
-80.58332,40.70386,"A"
-81.35575,40.74065,"A"
-84.38103,41.2625,"A"
-81.51749,40.27488,"A"
-81.73172,39.40877,"A"
-81.33974,41.39803,"A"
-82.80257,40.4764,"A"
-81.3726,41.47349,"A"
-83.39134,38.73687,"A"
-84.06565,40.73412,"A"
-82.32803,40.82327,"A"
-82.23988,40.59935,"A"
-81.30896,41.30265,"A"
-82.54968,38.79833,"A"
-82.55177,38.79381,"A"
-82.52238,39.39935,"A"
-81.54855,39.46019,"A"
-83.28128,38.83859,"A"
-80.93665,41.81835,"A"
-82.24257,39.45789,"A"
-80.55217,40.76533,"A"
-80.57164,40.6807,"A"
-81.85331,39.28537,"A"
-81.51075,40.67979,"A"
-84.09158,39.74961,"A"
-84.54476,41.34728,"A"
-83.00142,39.89203,"A"
-81.63656,40.17699,"A"
-84.79429,39.37509,"A"
-84.80138,39.37215,"A"
-81.1438,41.7164,"A"
-83.6118,40.6445,"A"
-81.1351,41.5325,"A"
-80.58163,41.81902,"A"
-80.6937,40.39103,"A"
-80.78826,40.2831,"A"
-82.67252,40.00915,"A"
-80.9835,41.1174,"A"
-83.26393,39.17257,"A"
-84.62567,39.70042,"A"
-82.48699,40.61236,"A"
-83.12873,38.83628,"A"
-81.0758,40.74451,"A"
-80.76735,41.36755,"A"
-81.67339,39.38745,"A"
-81.19895,40.75872,"A"
-82.93085,38.79215,"A"
-81.62379,41.23638,"A"
-83.5556,40.04792,"A"
-82.26236,40.60787,"A"
-83.0363,39.10611,"A"
-81.15694,41.30407,"A"
-82.97854,38.74899,"A"
-82.1013,39.64193,"A"
-82.0101,41.03,"A"
-80.57593,40.68935,"A"
-81.98721,39.90416,"A"
-84.45905,39.49695,"A"
-80.64831,40.77972,"A"
-82.29486,40.85035,"A"
-81.65929,39.3731,"A"
-83.11422,39.49265,"A"
-81.39101,39.54739,"A"
-81.17155,41.13356,"A"
-82.44401,40.92276,"A"
-81.4311,41.10765,"A"
-84.21719,40.80725,"A"
-84.14493,39.89172,"A"
-82.2244,39.4484,"A"
-83.13585,39.20212,"A"
-82.70263,39.74107,"A"
-82.66616,38.54852,"A"
-81.96419,41.06648,"A"
-82.47604,39.17029,"A"
-82.41166,39.14299,"A"
-81.69818,40.08946,"A"
-82.28814,40.05998,"A"
-82.32669,39.48219,"A"
-81.15622,40.7343,"A"
-83.9374,40.6559,"A"
-81.26217,40.54605,"A"
-81.77677,41.02572,"A"
-81.79669,41.06019,"A"
-80.6616,40.42591,"A"
-81.20629,41.44442,"A"
-82.82576,40.46339,"A"
-80.89096,41.42579,"A"
-81.5117,40.1218,"A"
-81.61014,39.92781,"A"
-82.82214,40.5896,"A"
-83.51394,39.96627,"A"
-81.81317,41.12012,"A"
-81.22075,41.57231,"A"
-83.0556,40.26494,"A"
-82.87663,40.50945,"A"
-82.71107,38.60551,"A"
-81.18352,40.71737,"A"
-83.0337,40.08159,"A"
-81.5745,41.29621,"A"
-80.51186,41.05304,"A"
-81.56232,40.10801,"A"
-81.56255,41.2584,"A"
-83.80582,38.81772,"A"
-84.36874,39.63662,"A"
-80.77592,41.09087,"A"
-81.32809,40.36831,"A"
-80.97507,40.95818,"A"
-81.1124,41.15384,"A"
-82.14285,38.9264,"A"
-81.39331,40.47672,"A"
-80.95952,41.81287,"A"
-81.60576,41.23739,"A"
-96.30222,34.29861,"A"
-95.70208,35.70166,"A"
-96.75361,33.89444,"A"
-97.479,35.74111,"A"
-95.01167,34.39639,"A"
-94.65639,34.44333,"A"
-98.31556,34.9575,"A"
-94.84861,34.61361,"A"
-94.70667,34.78833,"A"
-96.972,34.495,"A"
-94.83,35.92806,"A"
-97.1225,36.02306,"A"
-98.575,35.50556,"A"
-96.66528,34.86111,"A"
-98.34056,35.10278,"A"
-97.45694,35.64389,"A"
-97.03333,35.97389,"A"
-94.55944,34.59583,"A"
-95.80417,36.91528,"A"
-96.968,35.86972,"A"
-95.97,35.27056,"A"
-98.13028,35.33389,"A"
-95.62278,34.11306,"A"
-96.60222,35.26808,"A"
-95.74556,36.18889,"A"
-97.33528,35.27639,"A"
-97.21555,35.42014,"A"
-94.7325,34.689,"A"
-95.60667,35.7575,"A"
-95.26167,34.92333,"A"
-97.5625,35.24194,"A"
-99.1702,35.3011,"A"
-97.07361,33.82444,"A"
-98.62833,34.62944,"A"
-95.65417,34.81417,"A"
-97.00389,35.68583,"A"
-95.97023,35.36895,"A"
-96.21,34.25,"A"
-94.68028,34.36778,"A"
-95.94727,35.2933,"A"
-96.12164,36.62116,"A"
-96.36707,36.03501,"A"
-96.63857,34.21174,"A"
-98.61497,34.76134,"A"
-94.78227,36.4168,"A"
-121.9123,45.65125,"A"
-123.3471,45.63606,"A"
-122.8889,45.63893,"A"
-123.7027,45.06215,"A"
-123.3604,44.55505,"A"
-122.3876,45.4237,"A"
-121.9524,44.27795,"A"
-123.5469,45.5891,"A"
-123.3768,45.59669,"A"
-122.533,45.12545,"A"
-117.991,45.84175,"A"
-124.2,40.1,"A"
-118.0811,45.99215,"A"
-118.9491,44.39104,"A"
-118.42,45.5,"A"
-124.53,42.82,"A"
-122.9903,45.48204,"A"
-123.866,45.75449,"A"
-122.6397,44.8633,"A"
-124.3,42.07,"A"
-124.3,42.08,"A"
-121.5835,45.3725,"A"
-123.175,43.225,"A"
-123.875,43.54165,"A"
-121.9139,45.33175,"A"
-122.1884,45.55364,"A"
-123.3833,42.375,"A"
-122.4163,45.3894,"A"
-123.449,42.39031,"A"
-122.0505,44.23861,"A"
-123.4166,44.58335,"A"
-121.8735,45.63923,"A"
-118.875,45.46571,"A"
-123.975,44.19167,"A"
-121.726,44.42565,"A"
-118.1253,45.9957,"A"
-121.4755,44.2157,"A"
-121.8955,43.5705,"A"
-122.1,43.6165,"A"
-123.694,45.0608,"A"
-118.415,44.825,"A"
-122.4888,45.0837,"A"
-122.3352,45.5145,"A"
-118.9665,44.08,"A"
-122.1629,42.8673,"A"
-123.1611,43.3029,"A"
-123.6416,42.24165,"A"
-124.0598,43.2547,"A"
-122.475,42.6,"A"
-121.6796,45.274,"A"
-122.1814,43.3622,"A"
-122.0802,43.08929,"A"
-123.311,43.5251,"A"
-118.3692,44.9723,"A"
-121.1537,44.8464,"A"
-117.2022,45.0018,"A"
-118.6016,45.5789,"A"
-123.9513,46.19945,"A"
-124.1214,43.9311,"A"
-123.5381,42.1533,"A"
-124.0133,46.2262,"A"
-122.095,44.7679,"A"
-122.1384,44.56625,"A"
-123.4034,42.354,"A"
-122.1954,43.31815,"A"
-121.9165,45.33,"A"
-123.972,45.145,"A"
-124.2148,42.28445,"A"
-122.585,44.915,"A"
-118.5654,45.6605,"A"
-123.5585,43.2073,"A"
-123.2725,42.02106,"A"
-123.6956,45.06881,"A"
-121.8388,45.31061,"A"
-121.9584,44.5295,"A"
-122.2347,44.95023,"A"
-123.6216,42.16024,"A"
-121.7084,45.8417,"A"
-77.8768,41.7655,"A"
-78.65621,41.9548,"A"
-79.56702,40.05148,"A"
-78.42314,40.97015,"A"
-79.8765,40.357,"A"
-80.54177,41.91826,"A"
-76.804,41.4065,"A"
-77.27178,39.76366,"A"
-79.9167,40.5833,"A"
-78.377,41.01865,"A"
-79.6575,40.5258,"A"
-80.0107,40.6166,"A"
-79.7668,40.5278,"A"
-75.06665,40.4225,"A"
-80.25475,40.52825,"A"
-75.37814,40.37726,"A"
-79.16817,40.32247,"A"
-75.205,41.115,"A"
-78.5826,41.12782,"A"
-78.66863,41.97226,"A"
-71.5,41.45,"A"
-71.65183,41.432,"A"
-71.6568,41.98067,"A"
-79.65835,36.86345,"A"
-80.3891,34.59,"A"
-78.9211,33.72,"A"
-81.61264,32.98597,"A"
-83.11639,34.65375,"A"
-80.156,33.007,"A"
-80.074,34.374,"A"
-82.38998,34.52414,"A"
-80.316,33.096,"A"
-81.359,33.245,"A"
-79.1246,34.08725,"A"
-81.70052,34.53654,"A"
-82.56786,34.45025,"A"
-102.3971,43.35851,"A"
-101.7312,43.4471,"A"
-103.4966,43.89875,"A"
-99.1903,43.37663,"A"
-84.28315,35.2597,"A"
-89.63499,35.537,"A"
-86.465,35.11417,"A"
-89.48666,36.09583,"A"
-87.19556,35.20416,"A"
-87.25375,35.94,"A"
-84.3046,35.1013,"A"
-86.5101,35.988,"A"
-84.0475,35.5559,"A"
-87.38542,36.12318,"A"
-84.48414,35.18597,"A"
-84.0458,35.3538,"A"
-86.7074,35.6753,"A"
-83.53575,35.68449,"A"
-86.46987,35.10615,"A"
-87.4769,36.1124,"A"
-83.3032,35.4745,"A"
-89.25397,36.26451,"A"
-86.60155,36.30155,"A"
-86.5104,36.5802,"A"
-84.66167,36.19746,"A"
-86.15759,36.25466,"A"
-84.88466,35.97231,"A"
-98.03333,32.7,"A"
-100.5,36,"A"
-95.32,32.13972,"A"
-94.76362,31.30853,"A"
-97.5,32.15,"A"
-95.5425,32.7943,"A"
-95.37666,30.75,"A"
-95.52722,30.61667,"A"
-94.86958,32.58125,"A"
-97.8375,33.29083,"A"
-95.01264,31.90791,"A"
-97.04361,33.48028,"A"
-94.3,32.68,"A"
-95.48833,31.35833,"A"
-98.055,31.11611,"A"
-95.60834,30.23333,"A"
-102.6922,31.27278,"A"
-94.89778,30.73861,"A"
-95.06667,33.67056,"A"
-95.16028,33.64555,"A"
-94.63458,31.91708,"A"
-99.18778,33.16972,"A"
-95.58334,30.52361,"A"
-95.76861,33.48,"A"
-95.80556,32.57306,"A"
-94.965,32.27444,"A"
-95.60861,32.38,"A"
-103.7439,30.77722,"A"
-98.35,33.13333,"A"
-95.19722,33.845,"A"
-94.59222,32.68945,"A"
-95.8775,33.46333,"A"
-97.54944,32.17194,"A"
-94.90528,32.35306,"A"
-94.41528,30.775,"A"
-95.82056,33.26222,"A"
-96.10222,32.94722,"A"
-94.37444,32.04361,"A"
-102.3881,31.06278,"A"
-96.00306,33.19944,"A"
-94.7375,32.33528,"A"
-96.84806,33.69,"A"
-95.83639,33.82083,"A"
-100.4161,31.45417,"A"
-95.90694,33.61666,"A"
-96.78917,33.71472,"A"
-94.35722,33.28333,"A"
-94.16666,32.8,"A"
-95.27361,33.66666,"A"
-94.2,32.62194,"A"
-94.52,32.62389,"A"
-94.15,32.58333,"A"
-95.61056,32.69028,"A"
-94.85,30.26667,"A"
-98.08611,30.38667,"A"
-94.2,32.05806,"A"
-94.79333,30.26861,"A"
-94.82,30.10305,"A"
-94.86667,30.08333,"A"
-94.9,32.51667,"A"
-94.25694,33.07639,"A"
-94.83334,29.88528,"A"
-95.09167,30.475,"A"
-96.29222,29.17805,"A"
-96.25,29.38333,"A"
-96.71,29.02611,"A"
-101.3903,32.24083,"A"
-93.61667,30.72028,"A"
-95.21667,32.18333,"A"
-97.83334,32.78611,"A"
-94.86667,30.41667,"A"
-94.68333,32.01667,"A"
-94.72334,33.03333,"A"
-95.6,32.16139,"A"
-94.14306,32.01083,"A"
-94.85,30.01667,"A"
-96.01666,28.97944,"A"
-95.63,30.6,"A"
-95.00833,30.40833,"A"
-93.94,30.41667,"A"
-95.3,30.63333,"A"
-95.32,30.31667,"A"
-98.09234,32.04417,"A"
-94.70139,30.71139,"A"
-94.32139,33.09625,"A"
-95.28653,30.3343,"A"
-97.05903,33.77528,"A"
-94.47903,31.0232,"A"
-93.972,30.83315,"A"
-93.7,30.8,"A"
-98.3298,32.8269,"A"
-95.6669,31.6212,"A"
-95.46671,32.85232,"A"
-95.23958,33.36867,"A"
-95.59745,31.1683,"A"
-93.8117,30.12615,"A"
-101.667,34.93243,"A"
-98.68465,29.56835,"A"
-95.37101,31.82347,"A"
-95.10654,30.302,"A"
-94.45095,31.2371,"A"
-96.12524,31.93425,"A"
-95.12381,30.43703,"A"
-95.17966,30.31363,"A"
-95,32,"A"
-97.61,32.675,"A"
-97.61,32.675,"A"
-95.12872,32.24271,"A"
-111.3481,37.8058,"A"
-111.6992,40.3857,"A"
-110.9315,40.028,"A"
-111.75,41.5,"A"
-109.9,40.5,"A"
-112.35,38.225,"A"
-111.4988,41.43135,"A"
-112.5,38,"A"
-111.5281,41.5343,"A"
-111.0837,40.92128,"A"
-109.5143,40.86765,"A"
-113.7382,37.182,"A"
-112.0179,41.7086,"A"
-111.5333,41.96181,"A"
-111.8038,40.91689,"A"
-77.36115,38.52019,"A"
-79.77946,38.05408,"A"
-80.82856,37.29854,"A"
-78.53718,38.36911,"A"
-80.38748,37.02759,"A"
-81.09017,37.22647,"A"
-80.13276,37.2423,"A"
-76.6658,37.72693,"A"
-77.97089,38.02516,"A"
-78.55758,36.63931,"A"
-79.052,37.585,"A"
-79.82829,37.06266,"A"
-80.98215,36.74465,"A"
-79.57,37.54,"A"
-80.5378,37.3557,"A"
-77.23238,38.741,"A"
-80.48,36.745,"A"
-78.33453,38.73048,"A"
-77.90815,37.047,"A"
-78.6205,38.9766,"A"
-77.34673,38.48342,"A"
-79.36079,36.5587,"A"
-72.7051,43.4654,"A"
-122.6228,46.05333,"A"
-121.2802,47.3178,"A"
-122.3003,47.0274,"A"
-121.5478,46.295,"A"
-117.7619,48.65528,"A"
-124.7312,48.1609,"A"
-122.4089,45.8581,"A"
-117.9458,46.37944,"A"
-117.9592,46.48917,"A"
-123.1175,46.1903,"A"
-122.9179,47.7079,"A"
-123.3893,46.9782,"A"
-121.4142,47.425,"A"
-123.5894,47.33694,"A"
-123.8886,47.2475,"A"
-121.5708,45.81611,"A"
-122.0111,47.8925,"A"
-123.8793,46.7818,"A"
-123.3769,47.9261,"A"
-117.8106,48.78389,"A"
-123.8792,47.41306,"A"
-123.4822,47.0033,"A"
-121.9258,47.2831,"A"
-122.1806,47.29944,"A"
-121.7713,47.1826,"A"
-122.3454,47.5279,"A"
-122.7063,47.7613,"A"
-121.2303,45.75806,"A"
-123.0966,47.1305,"A"
-123.3261,48.0985,"A"
-121.9572,48.0028,"A"
-122.8858,47.27667,"A"
-117.4214,48.75528,"A"
-117.4161,48.74111,"A"
-117.3347,48.65083,"A"
-122.6869,46.94913,"A"
-121.4642,47.01278,"A"
-122.782,47.3704,"A"
-122.6869,46.94917,"A"
-122.1767,46.71833,"A"
-121.4642,47.01278,"A"
-122.2778,48.36861,"A"
-122.0144,45.66194,"A"
-122.1379,46.385,"A"
-122.2083,46.27583,"A"
-122.1572,46.15194,"A"
-122.0194,45.62778,"A"
-122.2375,45.74639,"A"
-121.9425,48.2475,"A"
-122.0958,48.11556,"A"
-121.3819,48.1472,"A"
-122.0447,47.9817,"A"
-121.6647,47.7853,"A"
-122.4133,46.803,"A"
-122.7669,46.985,"A"
-122.1694,46.9974,"A"
-120.6694,46.71444,"A"
-121.0939,46.97944,"A"
-120.8681,46.24639,"A"
-121.7753,45.69833,"A"
-121.6769,48.21167,"A"
-123.82,47.93722,"A"
-122.1852,47.1772,"A"
-122.1833,47.2416,"A"
-122.1656,48.8178,"A"
-122.2963,46.5672,"A"
-122.2739,46.55861,"A"
-122.2739,46.55861,"A"
-122.2988,46.5579,"A"
-122.2825,47.4549,"A"
-121.7692,48.1278,"A"
-120.1211,48.36361,"A"
-119.3172,46.23361,"A"
-122.4369,46.61583,"A"
-121.3314,48.2681,"A"
-120.2955,47.35305,"A"
-118.0711,46.03944,"A"
-118.0519,46.0675,"A"
-122.382,46.9382,"A"
-123.6288,46.9705,"A"
-119.7084,48.95835,"A"
-122.5322,45.7811,"A"
-121.3055,46.0722,"A"
-121.2543,48.5149,"A"
-121.2309,47.3338,"A"
-121.5863,46.67111,"A"
-122.69,46.96515,"A"
-122.1652,46.766,"A"
-121.51,47.0466,"A"
-121.6738,48.86,"A"
-122.4988,46.3261,"A"
-121.9008,47.6068,"A"
-123.1875,46.1911,"A"
-122.5855,46.3758,"A"
-122.1983,46.7002,"A"
-121.5344,47.0183,"A"
-121.3114,47.6181,"A"
-122.9627,46.6622,"A"
-121.9063,45.8083,"A"
-122.028,46.3105,"A"
-121.745,48.53944,"A"
-121.9658,47.288,"A"
-122.4275,46.5347,"A"
-123.2135,47.8306,"A"
-121.6279,47.0019,"A"
-121.5867,46.67389,"A"
-121.5863,46.6711,"A"
-120.9855,45.9358,"A"
-122.2156,48.76075,"A"
-123.5439,46.33425,"A"
-117.2776,48.83558,"A"
-122.7919,47.94056,"A"
-120.4474,46.4984,"A"
-123.6081,46.35639,"A"
-122.3985,45.8331,"A"
-123.8763,47.4259,"A"
-121.0909,46.80505,"A"
-123.2022,47.4028,"A"
-121.6352,47.8573,"A"
-122.8294,46.0471,"A"
-117.9793,46.0573,"A"
-122.5344,47.763,"A"
-124.072,46.81045,"A"
-122.2187,47.39,"A"
-121.9256,46.3105,"A"
-122.4076,45.8911,"A"
-121.8943,47.87725,"A"
-122.2356,47.0958,"A"
-122.4078,48.68985,"A"
-121.95,46.05,"A"
-117.3606,47.62769,"A"
-121.5287,47.485,"A"
-121.6009,43.74251,"A"
-122.2917,47.18556,"A"
-120.0745,48.321,"A"
-122.54,47.79,"A"
-122.8833,47.28069,"A"
-123.8161,46.98621,"A"
-121.8668,48.35552,"A"
-122.2339,45.74715,"A"
-122.3055,47.14385,"A"
-123.9718,47.3631,"A"
-121.9749,47.7393,"A"
-120.7772,48.19923,"A"
-122.4966,47.74897,"A"
-119.187,48.32956,"A"
-122.3076,46.84565,"A"
-122.3219,47.45411,"A"
-122.0282,47.01562,"A"
-119.7085,48.9588,"A"
-122.645,48.39936,"A"
-123.3749,46.60207,"A"
-123.2902,47.00625,"A"
-120.6599,48.31199,"A"
-122.3045,46.52352,"A"
-121.5763,46.67816,"A"
-123.2182,47.49865,"A"
-123.1742,46.98278,"A"
-122.1183,46.75468,"A"
-122.3234,47.4506,"A"
-123.8343,47.50319,"A"
-122.1979,47.75034,"A"
-121.7666,47.43534,"A"
-123.8165,46.4205,"A"
-121.6548,47.48176,"A"
-121.25,46.85,"A"
-123.7727,46.94102,"A"
-121.9418,47.13485,"A"
-121.1859,47.70178,"A"
-122.3431,46.2965,"A"
-121.7427,47.57576,"A"
-122.2719,46.84748,"A"
-122.3898,45.90052,"A"
-122.215,48.308,"A"
-121.6962,48.32675,"A"
-122.2214,47.17295,"A"
-121.5298,47.12045,"A"
-122.4331,46.88234,"A"
-122.7746,46.63477,"A"
-121.6314,45.96112,"A"
-123.3678,48.08955,"A"
-88.51969,44.8491,"A"
-91.71295,45.5,"A"
-90.0411,44.6543,"A"
-89.6965,45.89832,"A"
-88.16359,45.33418,"A"
-90.51659,45.78177,"A"
-89.67523,45.22849,"A"
-88.7829,45.56326,"A"
-90.51145,45.7743,"A"
-89.16425,45.5051,"A"
-90.444,45.775,"A"
-92.4573,45.1097,"A"
-90.7221,44.3801,"A"
-89.9905,45.0902,"A"
-91.3171,44.4049,"A"
-91.49319,46.10445,"A"
-90.42001,45.73271,"A"
-87.73608,45.02046,"A"
-92.03925,44.75668,"A"
-80.37878,39.52122,"A"
-80.11329,39.54114,"A"
-79.3434,38.87813,"A"
-79.42547,38.95242,"A"
-82.59822,38.12764,"A"
-80.60419,38.32548,"A"
-81.16211,39.21833,"A"
-79.43762,39.0417,"A"
-80.68192,40.1333,"A"
-81.85806,39.01972,"A"
-80.7582,37.6541,"A"
-80.03149,38.6685,"A"
-81.29745,37.58135,"A"
-77.9407,39.5392,"A"
-79.5375,39.6995,"A"
-81.70641,38.2128,"A"
-82.59348,38.35727,"A"
-78.49429,39.5226,"A"
-79.95418,39.03496,"A"
-81.1271,37.32091,"A"
-80.01335,37.5313,"A"
-79.3762,38.835,"A"
-80.51374,38.33109,"A"
-79.3686,38.835,"A"
-79.47325,38.8926,"A"
-79.4016,38.8409,"A"
-80.64685,37.50965,"A"
-78.94501,39.335,"A"
-81.5722,38.2383,"A"
-81.095,37.7,"A"
-79.01405,39.26188,"A"
-80.9075,37.7929,"A"
-80.3616,37.9937,"A"
-80.17,37.445,"A"
-81.68124,37.2875,"A"
-79.4593,39.10023,"A"
-82.28279,38.16391,"A"
-80.71875,37.9208,"A"
-80.23375,39.1611,"A"
-80.27,38.98,"A"
-80.1177,38.1882,"A"
-110.0042,44.50132,"A"
-109.7935,44.45584,"A"
-109.6824,44.49817,"A"
-109.5113,44.48134,"A"
-110.4165,46.79165,"A"
-110.4165,46.79165,"A"
-110.5,44.58333,"A"
-111.05,41.25,"A"
-110.5,41.2,"A"
-108.9245,42.9919,"A"
-156.75,69.5,"B"
-149.7667,61.09085,"B"
-132.7333,55.4555,"B"
-155.981,57.7566,"B"
-142.7691,63.98869,"B"
-85.57415,33.7065,"B"
-85.8175,33.48665,"B"
-86.5653,32.4456,"B"
-86.255,31.29,"B"
-86.00004,33.00014,"B"
-86.2952,33.6332,"B"
-85.925,31.85,"B"
-86.97057,34.73139,"B"
-87.29,31.99,"B"
-88.34223,30.47612,"B"
-85.2222,32.6825,"B"
-85.21545,32.67715,"B"
-86.86,33.1,"B"
-85.7075,31.35,"B"
-85.87055,33.46345,"B"
-87.5047,31.20325,"B"
-86.59747,34.55946,"B"
-87.95277,34.8986,"B"
-92.25139,36.37139,"B"
-90.18444,35.14639,"B"
-93.8417,33.31194,"B"
-94.07806,36.25639,"B"
-93.76,36.34389,"B"
-92.70348,34.52473,"B"
-92.58,34.47,"B"
-92.943,35.8019,"B"
-93.23111,34.39,"B"
-92.55472,36.36,"B"
-92.44583,35.77,"B"
-93.94389,36.13361,"B"
-94.0679,35.1759,"B"
-91.97,35.07,"B"
-93.17056,34.31611,"B"
-91.51528,35.69958,"B"
-90.95902,34.97181,"B"
-93.45042,35.06144,"B"
-93.42848,35.15193,"B"
-94.09966,33.94073,"B"
-92.22704,34.56384,"B"
-110.9986,34.4274,"B"
-111.5228,34.96295,"B"
-110.175,32.65,"B"
-111.6259,35.1394,"B"
-109.355,33.9,"B"
-109.155,35.97,"B"
-111.8907,34.7706,"B"
-110.9583,34.33335,"B"
-109.14,36.28,"B"
-112.05,34.7,"B"
-112,36.4,"B"
-111.08,34.475,"B"
-111.7,35.09,"B"
-112.19,36.74,"B"
-111.375,34.425,"B"
-110.98,34.35,"B"
-110.9725,34.34,"B"
-111.675,35.3,"B"
-110.0632,34.27139,"B"
-111.4925,34.375,"B"
-111.4,34.575,"B"
-111.7101,35.33069,"B"
-110.177,31.63,"B"
-110.925,33.825,"B"
-112.0934,36.3431,"B"
-112.53,34.45,"B"
-109.9643,32.7071,"B"
-110.4829,34.0425,"B"
-109.11,36.225,"B"
-120.3292,41.72278,"B"
-123.9,41.16,"B"
-119.7111,38.14167,"B"
-120.8275,39.01917,"B"
-120.7053,38.30056,"B"
-119.9997,37.89917,"B"
-118.4244,35.75472,"B"
-119.2386,37.23667,"B"
-123.793,41.8607,"B"
-119.984,38.23243,"B"
-119.7275,38.29116,"B"
-119.9811,38.19753,"B"
-119.7489,38.31722,"B"
-121.0158,39.94278,"B"
-120.5414,41.48722,"B"
-120.0522,38.1625,"B"
-120.0522,38.1625,"B"
-120.0083,38.19833,"B"
-120.8169,39.02028,"B"
-120.0508,38.05141,"B"
-121.8881,40.4925,"B"
-119.9811,38.19753,"B"
-124.0644,41.30056,"B"
-118.9592,37.65028,"B"
-120.2867,38.27194,"B"
-120.1039,38.07584,"B"
-120.2667,38.05,"B"
-119.0736,37.78861,"B"
-118.6744,36.22306,"B"
-120.6672,39.30056,"B"
-119.0139,37.33694,"B"
-121.0803,38.90222,"B"
-122.3906,40.58667,"B"
-120.0914,38.9575,"B"
-120.0914,38.9575,"B"
-123.7481,41.37861,"B"
-120.0397,38.45861,"B"
-121.7314,40.53806,"B"
-120.1547,38.18389,"B"
-119.9924,38.24805,"B"
-121.015,39.26167,"B"
-123.8042,39.44583,"B"
-118.5272,36.10556,"B"
-121.2733,39.64306,"B"
-118.9689,37.07944,"B"
-119.4275,37.69639,"B"
-120.0389,38.46472,"B"
-123.6283,40.94083,"B"
-118.6078,35.56805,"B"
-124.2006,41.75611,"B"
-118.3356,35.51222,"B"
-119.235,37.23167,"B"
-120.3689,38.20444,"B"
-119.7519,38.32417,"B"
-123.1778,41.31917,"B"
-119.8208,38.77778,"B"
-120.2392,38.99778,"B"
-120.2603,38.31944,"B"
-123.2208,40.0625,"B"
-118.5821,35.44986,"B"
-120.5856,38.76139,"B"
-118.6092,36.4525,"B"
-123.4908,40.20556,"B"
-123.24,38.51639,"B"
-119.8609,37.81269,"B"
-122.6986,40.98333,"B"
-121.42,39.08,"B"
-120.2636,38.03305,"B"
-123.3264,40.37639,"B"
-120.4683,39.11167,"B"
-119.8208,38.77778,"B"
-120.8294,39.5575,"B"
-123.6581,41.23528,"B"
-119.8792,38.2395,"B"
-122.8719,40.9913,"B"
-120.8983,39.21667,"B"
-122.6361,41.72944,"B"
-122.33,40.755,"B"
-120.3536,38.25472,"B"
-124.0586,41.28694,"B"
-120.0047,38.4775,"B"
-122.585,38.415,"B"
-120.5619,38.71806,"B"
-123.115,39.83,"B"
-121.675,40.88,"B"
-118.9656,37.2725,"B"
-121.4822,39.53722,"B"
-120.5264,38.39917,"B"
-121.5027,39.55249,"B"
-122.7,38.75,"B"
-120.0491,38.45799,"B"
-123.15,39.25,"B"
-119.4626,37.83074,"B"
-118.5347,36.05361,"B"
-123.7,40.85,"B"
-120.0969,38.96,"B"
-120.5764,38.91185,"B"
-118.9614,37.2804,"B"
-118.1729,36.1894,"B"
-120.6049,38.9037,"B"
-119.9501,38.6167,"B"
-118.9591,35.2673,"B"
-120.0023,34.60665,"B"
-120.0833,37.4583,"B"
-123.6667,41.25,"B"
-121.9167,40.4999,"B"
-119.54,38.29165,"B"
-123.375,41.8111,"B"
-122.1675,40.75,"B"
-118.225,34.25,"B"
-117.8333,34.2802,"B"
-120.7413,40.43298,"B"
-120.914,39.374,"B"
-120.1862,38.23475,"B"
-120.1666,39.0833,"B"
-122.2333,40.8833,"B"
-124.2,40.3,"B"
-123.4439,39.06583,"B"
-119.801,38.3958,"B"
-120.4187,39.41546,"B"
-121.845,37.055,"B"
-120.245,38.015,"B"
-118.9386,37.1303,"B"
-118.8741,37.28675,"B"
-120.0416,38.20835,"B"
-118.1666,36.1999,"B"
-119,37.5999,"B"
-119.2481,37.90613,"B"
-120.0825,38.80435,"B"
-118.3743,37.15889,"B"
-121.0479,38.95285,"B"
-123.292,41.23598,"B"
-117.9667,35.7,"B"
-118.2084,36.07081,"B"
-118.5333,37.76666,"B"
-119.864,38.17625,"B"
-124.0101,40.35259,"B"
-120.0397,38.09832,"B"
-116.7,33.66675,"B"
-120.125,38.375,"B"
-117.0416,34.04165,"B"
-119.2167,38.04165,"B"
-118.3804,35.5803,"B"
-118.375,35.95835,"B"
-124.1417,41.84998,"B"
-118.625,35.17748,"B"
-120.0459,38.03917,"B"
-122.6417,40.8333,"B"
-116.7944,34.2556,"B"
-122.7,41.1139,"B"
-118.4538,34.66363,"B"
-118.3302,35.12931,"B"
-119.118,37.79337,"B"
-119.9,55.3,"B"
-112.6921,54.88394,"B"
-119.2044,53.53485,"B"
-119.152,55.404,"B"
-112.76,50.7,"B"
-112.9413,49.9818,"B"
-113.4698,54.27101,"B"
-114.7982,51.03149,"B"
-115.0964,51.35316,"B"
-117.18,54.7,"B"
-114.7861,51.20306,"B"
-117.7728,53.13605,"B"
-115.0944,50.55219,"B"
-125.2581,49.70889,"B"
-125.1676,49.5368,"B"
-116.1386,50.50041,"B"
-120.105,53.24,"B"
-124.2721,53.53125,"B"
-121.8,49.25,"B"
-125.5634,50.09222,"B"
-117.0654,49.82221,"B"
-121.85,49.2605,"B"
-120.1173,50.7395,"B"
-122.5,58.5,"B"
-119.7497,49.69263,"B"
-116.96,51.3,"B"
-119.0812,50.61847,"B"
-116.1654,51.26903,"B"
-122.7746,49.72417,"B"
-123.84,49.53,"B"
-121.6101,50.99847,"B"
-119.5143,50.03625,"B"
-118.7652,50.24532,"B"
-123.9035,48.87097,"B"
-120.966,50.05149,"B"
-121.6064,49.32014,"B"
-119.0626,50.42139,"B"
-129.4015,56.54958,"B"
-122.3269,49.48486,"B"
-121.3222,49.53402,"B"
-119.5089,43.27355,"B"
-120.6502,55.9027,"B"
-125.4051,49.58458,"B"
-121.8785,50.94152,"B"
-123.8713,49.0489,"B"
-117.8775,50.57889,"B"
-122.2674,49.84818,"B"
-124.4165,50.2368,"B"
-121.589,49.15235,"B"
-119.2018,50.35025,"B"
-125.4736,49.07165,"B"
-121.2607,49.13644,"B"
-121.6495,49.16795,"B"
-118.7952,50.15078,"B"
-118.8412,50.3715,"B"
-124.1526,49.1497,"B"
-124.1744,48.7305,"B"
-119.5504,50.46674,"B"
-127.1616,54.78464,"B"
-118.1976,50.58378,"B"
-100.8188,50.06295,"B"
-95.33125,50.92345,"B"
-95.276,50.07,"B"
-95.41525,50.85595,"B"
-101.5205,53.687,"B"
-77.52356,44.1028,"B"
-88.60707,48.78009,"B"
-93.33372,48.60873,"B"
-79.40278,46.30688,"B"
-83.70184,46.29871,"B"
-75.98326,45.33788,"B"
-79.72499,47.05556,"B"
-76.06987,44.77658,"B"
-92.76801,49.77521,"B"
-78.90285,45.50396,"B"
-84.68153,47.5889,"B"
-84.71373,47.98577,"B"
-78.4529,44.1664,"B"
-78.93061,45.65532,"B"
-90.44405,48.6055,"B"
-80.60455,44.37775,"B"
-76.91354,44.70596,"B"
-89.30945,48.3766,"B"
-78.92731,45.61785,"B"
-91.41945,48.0715,"B"
-83.47763,46.10293,"B"
-89.2351,48.57605,"B"
-76.3948,44.6925,"B"
-69.55,57.81,"B"
-76.601,45.737,"B"
-78.64526,47.38115,"B"
-76.85125,45.95625,"B"
-110.13,49.75,"B"
-106.0525,52.94971,"B"
-107.7171,54.31648,"B"
-105.8799,53.7312,"B"
-103.9236,52.60837,"B"
-136.2924,62.0875,"B"
-107.7,38.48959,"B"
-106.3681,37.1137,"B"
-106.1143,39.2026,"B"
-105.4458,40.025,"B"
-107.1771,37.19583,"B"
-105.4917,38.93333,"B"
-106.6035,39.4627,"B"
-106.3466,38.60124,"B"
-105.8226,39.40305,"B"
-105.1744,38.71225,"B"
-105.3812,38.9,"B"
-107.575,38.90833,"B"
-106.0417,39.20834,"B"
-105.0354,38.71145,"B"
-106.3625,39.225,"B"
-106.171,39.3045,"B"
-105.0138,39.0621,"B"
-107.9584,37.70835,"B"
-108.1292,37.4125,"B"
-107.4667,37.38334,"B"
-106.7084,40.55415,"B"
-105.0787,39.4455,"B"
-106.1215,39.29325,"B"
-107.4381,40.00385,"B"
-107.1971,37.89225,"B"
-106.7522,39.01577,"B"
-107.8708,40.277,"B"
-106.7682,40.4805,"B"
-106.3325,37.3199,"B"
-108.1098,38.9969,"B"
-106.541,37.2362,"B"
-106.6735,39.879,"B"
-106.4745,37.26505,"B"
-106.4213,39.15735,"B"
-107.501,37.33815,"B"
-105.275,38.91,"B"
-107.7015,37.70338,"B"
-72.46315,41.51105,"B"
-73.00099,41.86425,"B"
-82.75685,29.10855,"B"
-82.42065,28.76465,"B"
-82.03495,29.01175,"B"
-80.933,28.9935,"B"
-81.31985,28.662,"B"
-81.07385,25.782,"B"
-81.59005,29.08405,"B"
-81.8642,28.021,"B"
-80.5158,25.4817,"B"
-80.17845,26.28585,"B"
-80.86715,28.98195,"B"
-81.3142,25.84875,"B"
-81.95285,27.9664,"B"
-81.63025,29.12915,"B"
-85.4427,30.32305,"B"
-81.8768,26.6685,"B"
-81.39806,30.0771,"B"
-82.1426,28.41655,"B"
-82.58765,29.1299,"B"
-85.0681,29.8398,"B"
-82.20475,27.1788,"B"
-81.30249,27.84434,"B"
-81.6143,26.6878,"B"
-87.00008,31.00009,"B"
-81.8945,29.0765,"B"
-81.45421,29.7788,"B"
-82.055,28.555,"B"
-81.4692,29.04865,"B"
-81.6455,26.529,"B"
-85.64108,30.28881,"B"
-81.71505,26.09729,"B"
-80.96515,27.35644,"B"
-81.898,28.917,"B"
-81.649,28.966,"B"
-85.97701,30.993,"B"
-81.3615,26.0645,"B"
-81.49433,30.2637,"B"
-81.8995,27.8565,"B"
-81.1498,25.86895,"B"
-81.5545,28.5465,"B"
-80.98849,26.1699,"B"
-81.58581,27.9013,"B"
-80.27977,26.28516,"B"
-82.391,27.445,"B"
-81.89438,30.10534,"B"
-82.124,27.928,"B"
-81.356,25.953,"B"
-81.78879,28.99487,"B"
-81.8539,26.7621,"B"
-81.2521,26.283,"B"
-82.87125,30.26682,"B"
-85.11039,30.08341,"B"
-81.90182,30.03042,"B"
-82.8436,30.31709,"B"
-82.11083,28.54028,"B"
-81.303,25.901,"B"
-81.45354,28.80455,"B"
-85.685,30.79,"B"
-82.38086,30.07067,"B"
-81.14076,28.63434,"B"
-80.87379,25.19935,"B"
-86.68372,30.90529,"B"
-81.9347,30.0461,"B"
-82.05391,29.56871,"B"
-86.65,30.75,"B"
-82.4524,28.21492,"B"
-81.11927,28.48106,"B"
-81.8592,29.77291,"B"
-80.48412,26.91319,"B"
-82.28943,30.43412,"B"
-83.649,30.59612,"B"
-81.8992,30.25389,"B"
-87.265,30.9725,"B"
-82.0125,29.95301,"B"
-81.99105,27.07842,"B"
-81.80539,29.22079,"B"
-83.89289,30.11597,"B"
-82.20726,28.84542,"B"
-82.34611,28.90854,"B"
-82.92592,29.28942,"B"
-81.7624,30.0809,"B"
-81.12167,29.4076,"B"
-82.61581,29.32605,"B"
-83.48494,30.55044,"B"
-82.11937,28.36168,"B"
-84.68864,34.0474,"B"
-84.7038,34.1226,"B"
-84.6971,34.1088,"B"
-84.20175,33.97005,"B"
-84.43484,32.0321,"B"
-85.4034,34.66005,"B"
-84.57616,34.36725,"B"
-81.88995,31.9621,"B"
-82.13665,33.4119,"B"
-84.50055,34.1962,"B"
-85.3297,34.77525,"B"
-80.89485,31.98125,"B"
-85.39171,34.66029,"B"
-82.2464,32.34705,"B"
-83.8329,34.7064,"B"
-84.25755,32.80865,"B"
-85.34145,34.69895,"B"
-83.76585,34.66255,"B"
-84.80283,33.81283,"B"
-83.07575,31.0614,"B"
-83.77232,34.37537,"B"
-85.3582,33.9844,"B"
-82.77173,31.2137,"B"
-83.62215,34.71425,"B"
-83.59509,34.4447,"B"
-81.34159,32.13781,"B"
-85.15337,33.81461,"B"
-81.47213,31.55762,"B"
-84.6216,34.8983,"B"
-82.4975,33.89761,"B"
-85.10299,34.4826,"B"
-84.0354,34.6527,"B"
-83.78375,34.78035,"B"
-84.02254,31.30062,"B"
-83.18237,34.94325,"B"
-83.6746,34.70107,"B"
-84.79601,33.796,"B"
-82.74675,31.30952,"B"
-84.78122,30.79456,"B"
-85.19659,34.17769,"B"
-85.42266,34.62689,"B"
-84.79704,34.06787,"B"
-96.01464,41.48453,"B"
-91.4261,40.4415,"B"
-94.3841,42.9074,"B"
-92.73979,41.02174,"B"
-96.47562,42.55576,"B"
-90.59601,41.65225,"B"
-91.75641,45.8618,"B"
-93.85965,40.8348,"B"
-90.55585,41.76392,"B"
-91.59415,41.76292,"B"
-92.06343,43.32922,"B"
-115.2088,46.2404,"B"
-113.8441,43.79615,"B"
-114.9221,44.14765,"B"
-112.6467,44.2548,"B"
-116.1842,48.15585,"B"
-116.322,47.0615,"B"
-116.6079,47.85001,"B"
-115.3106,44.14555,"B"
-115.8405,45.16792,"B"
-114.655,44.9625,"B"
-111.4418,43.61015,"B"
-116.0969,48.25206,"B"
-116.211,47.6835,"B"
-116.71,48.33,"B"
-116.4873,44.9166,"B"
-111.5212,42.35635,"B"
-115.8596,44.35978,"B"
-89.952,39.115,"B"
-91.3883,40.3752,"B"
-88.3461,37.5,"B"
-89.1979,37.1142,"B"
-90.1498,40.04505,"B"
-90.1534,38.8657,"B"
-87.97622,38.94564,"B"
-89.34285,41.86395,"B"
-88.53872,42.075,"B"
-89.585,40.61,"B"
-90.1,41.6,"B"
-88.55,37.63,"B"
-88.50061,37.61404,"B"
-88.4375,41.625,"B"
-88.9319,37.61095,"B"
-87.7424,40.1527,"B"
-88.9487,37.72735,"B"
-89,39,"B"
-89.4205,38.0985,"B"
-88.65912,37.52127,"B"
-88.7476,37.228,"B"
-88.09506,42.17577,"B"
-89.04518,40.65639,"B"
-89.80123,38.90123,"B"
-90.28404,40.63267,"B"
-89.41539,41.90703,"B"
-89.73378,40.82944,"B"
-88.75705,39.44805,"B"
-89.56981,39.65749,"B"
-87.76622,41.63243,"B"
-89.95824,40.5634,"B"
-88.18031,41.89011,"B"
-89.99568,40.63281,"B"
-88.7584,37.2276,"B"
-88.62624,39.75616,"B"
-88.2886,42.1551,"B"
-89.68079,39.66676,"B"
-89.66525,39.6395,"B"
-88.01345,41.207,"B"
-89.599,40.8365,"B"
-87.76622,41.63243,"B"
-90.4049,39.02775,"B"
-90,40,"B"
-89.53419,38.9241,"B"
-89.6845,39.62,"B"
-90.6757,40.1348,"B"
-90.22054,41.73534,"B"
-86.911,40.9847,"B"
-86.23506,38.4191,"B"
-86.19055,38.43235,"B"
-86.05825,39.2152,"B"
-87.41805,38.1579,"B"
-85.5045,40.7219,"B"
-85.01295,39.06565,"B"
-85.84489,38.73725,"B"
-86.81714,39.74356,"B"
-86.93636,39.72848,"B"
-87.08955,39.9347,"B"
-87.0796,40.38335,"B"
-85.3149,39.98705,"B"
-85.57069,40.74765,"B"
-86.49139,39.02502,"B"
-85.95914,38.39027,"B"
-86.4324,39.3804,"B"
-95.35479,37.44208,"B"
-98.12825,37.641,"B"
-97.424,37.7715,"B"
-94.97862,37.7684,"B"
-94.7844,37.4253,"B"
-94.9,39.3716,"B"
-95.488,39.1441,"B"
-95.74633,39.06381,"B"
-95.70296,38.76635,"B"
-87.40585,37.2402,"B"
-82.89059,38.33885,"B"
-85.89175,38.14415,"B"
-82.643,38.16205,"B"
-83.49205,37.2731,"B"
-85.26247,37.41098,"B"
-82.353,37.49993,"B"
-86.0163,37.1496,"B"
-83.21735,37.28205,"B"
-86.1358,37.3817,"B"
-85.359,37.689,"B"
-82.70584,38.53082,"B"
-86.1425,36.772,"B"
-85.67188,37.7755,"B"
-83.69043,37.83438,"B"
-83.16293,36.89771,"B"
-82.81679,37.19822,"B"
-85.00044,38.63813,"B"
-83.79678,37.65805,"B"
-87.64487,37.3141,"B"
-82.74595,37.22604,"B"
-82.70393,38.11509,"B"
-82.13403,37.31413,"B"
-84.0821,36.8817,"B"
-83.41575,38.33527,"B"
-92.64896,30.8346,"B"
-93.4386,32.4197,"B"
-91.0955,30.96745,"B"
-90.6763,30.509,"B"
-93.36627,32.45763,"B"
-91.84467,31.08774,"B"
-89.81163,30.85052,"B"
-92.28034,31.41787,"B"
-70.97559,42.12697,"B"
-70.48792,41.73125,"B"
-70.75587,42.17865,"B"
-70.97708,41.60551,"B"
-70.89049,41.83664,"B"
-71.80123,42.54334,"B"
-72.82665,42.08179,"B"
-76.53862,39.01142,"B"
-77.4608,39.21564,"B"
-76.54514,38.81639,"B"
-76.811,39.11378,"B"
-76.78496,39.06245,"B"
-78.32549,39.64819,"B"
-76.6691,39.6946,"B"
-68.8405,46.1333,"B"
-83.59014,42.285,"B"
-88.16361,47.232,"B"
-85.49639,46.52889,"B"
-89.31389,46.87111,"B"
-86.81917,46.01278,"B"
-84.4587,41.79639,"B"
-83.51418,44.6375,"B"
-86.075,43.103,"B"
-86.5153,42.0288,"B"
-84.47611,44.82167,"B"
-83.55718,42.15965,"B"
-83.86097,42.36639,"B"
-85.27652,43.60667,"B"
-85.77714,44.64535,"B"
-84.20835,41.80832,"B"
-84.16389,44.53665,"B"
-86.09081,44.5976,"B"
-85.93575,44.4887,"B"
-87.3459,46.34445,"B"
-86.0221,45.9796,"B"
-86.42896,44.091,"B"
-85.95915,42.4637,"B"
-87.5034,46.52545,"B"
-86.5367,46.4722,"B"
-86.611,46.159,"B"
-85.948,46.316,"B"
-88.7751,46.2803,"B"
-85.84005,41.80205,"B"
-83.78585,44.56215,"B"
-85.23538,45.33075,"B"
-83.67,42.2375,"B"
-85.6667,44.45835,"B"
-85.99374,41.77945,"B"
-85.63835,44.16985,"B"
-83.62335,44.62,"B"
-84.00156,44.34035,"B"
-84.2915,42.43235,"B"
-85.79052,44.66666,"B"
-85.2515,43.2725,"B"
-83.84937,44.98276,"B"
-83.5175,45.1365,"B"
-84.4445,44.398,"B"
-84.41335,43.83165,"B"
-92.49979,46.69303,"B"
-95.0168,47.8764,"B"
-94.57375,47.4914,"B"
-94.1211,47.3304,"B"
-93.9137,47.323,"B"
-92.83521,46.3725,"B"
-90.58915,48.0607,"B"
-92.84309,46.3666,"B"
-96.28425,48.52579,"B"
-94.83755,47.1589,"B"
-94.80162,46.67197,"B"
-94.87069,45.95602,"B"
-92.88618,46.02361,"B"
-92.6349,47.51591,"B"
-92.12065,48.1784,"B"
-93.28008,47.31732,"B"
-93.31413,36.63621,"B"
-94.2633,38.7437,"B"
-91.6284,38.441,"B"
-93.91737,38.46253,"B"
-91.419,39.1405,"B"
-90.2488,37.5562,"B"
-93.41,37.54661,"B"
-93.5395,37.7664,"B"
-91.07,39.445,"B"
-91.985,37.27,"B"
-92.1527,36.7548,"B"
-93.51,36.73,"B"
-91.1569,38.11203,"B"
-90.7212,38.4971,"B"
-91.41383,37.63169,"B"
-90.50072,38.21719,"B"
-94.286,38.586,"B"
-93.25712,36.71418,"B"
-94.47345,37.18124,"B"
-91.30804,37.2306,"B"
-90.7,38.40685,"B"
-91.64719,38.01223,"B"
-93.73122,37.19201,"B"
-93.1073,36.3881,"B"
-93.6383,36.7279,"B"
-90.86792,37.66643,"B"
-90.7357,38.4063,"B"
-92.31901,39.08817,"B"
-90.21339,36.57869,"B"
-92.1426,37.5656,"B"
-90.52135,37.18847,"B"
-91.06547,38.11468,"B"
-95.32129,37.8322,"B"
-88.72985,30.38345,"B"
-89.6918,30.46825,"B"
-88.65135,32.31255,"B"
-112.5649,47.07954,"B"
-113.6925,46.18694,"B"
-111.9625,47.07444,"B"
-112.571,46.05292,"B"
-115.6418,48.27011,"B"
-114.08,46.75889,"B"
-113.82,48.68,"B"
-113.7593,47.60413,"B"
-81.98335,35.8934,"B"
-82.4831,35.36,"B"
-81.38915,36.3461,"B"
-81.80479,35.83845,"B"
-81.7418,35.94585,"B"
-77.5873,34.7576,"B"
-77.7485,34.3924,"B"
-83.5214,35.5605,"B"
-82.26195,35.74875,"B"
-83.5582,35.5131,"B"
-77.67995,35.42525,"B"
-78.968,36.2058,"B"
-82.4614,35.7909,"B"
-80.46865,36.38287,"B"
-83.007,35.211,"B"
-83.26097,35.89305,"B"
-80.66,36.134,"B"
-83.23206,35.10486,"B"
-80.2068,35.87885,"B"
-81.402,35.194,"B"
-79.11128,35.1312,"B"
-80.2084,35.95815,"B"
-80.375,36.48615,"B"
-81.56219,36.42315,"B"
-79.88049,35.0554,"B"
-80.03551,35.31924,"B"
-81.95195,35.95865,"B"
-82.87408,35.7695,"B"
-102.7291,47.63297,"B"
-96.42668,41.2333,"B"
-103.018,42.71425,"B"
-96.46025,42.47356,"B"
-103.0044,42.69657,"B"
-97.13196,40.64043,"B"
-71.46778,43.28556,"B"
-70.93333,43.05,"B"
-74.035,40.07,"B"
-74.6298,39.652,"B"
-74.2975,39.7384,"B"
-75.11044,40.76345,"B"
-75.5167,39.632,"B"
-74.70135,39.8234,"B"
-74.3966,39.934,"B"
-74.29085,41.1445,"B"
-74.45995,40.9575,"B"
-74.3516,40.77545,"B"
-74.84528,40.60667,"B"
-74.46155,40.9427,"B"
-74.78004,40.99567,"B"
-74.1301,40.053,"B"
-74.49518,40.93552,"B"
-105.4113,36.599,"B"
-105.7197,33.2516,"B"
-106.9958,36.91475,"B"
-106.9547,36.7657,"B"
-108.8548,36.14505,"B"
-106.9571,36.095,"B"
-109.0612,36.39135,"B"
-105.5596,36.19625,"B"
-107.1612,36.4178,"B"
-105.7338,33.27094,"B"
-119.975,39.592,"B"
-118.1806,40.52737,"B"
-74.0863,41.66955,"B"
-74.75611,43.61833,"B"
-76.17366,42.40489,"B"
-78.1946,43.2265,"B"
-77.664,43.2696,"B"
-78.28014,43.26886,"B"
-73.66616,41.97341,"B"
-73.8094,44.1856,"B"
-73.73606,44.66399,"B"
-75.38025,42.0837,"B"
-73.91649,41.38084,"B"
-74.00528,43.81495,"B"
-73.45947,43.56211,"B"
-73.51238,43.6678,"B"
-73.56614,43.66344,"B"
-73.741,43.42645,"B"
-77.36516,42.54346,"B"
-73.52,43.7268,"B"
-75.57448,43.64706,"B"
-74.27923,43.0949,"B"
-73.64642,41.59773,"B"
-75.58825,44.62185,"B"
-74.47383,43.13206,"B"
-73.81,43.32,"B"
-75.73906,43.1546,"B"
-77.98756,42.24542,"B"
-74.15429,43.30679,"B"
-84.1735,39.9784,"B"
-81.11578,41.13021,"B"
-83.64597,39.92821,"B"
-81.39827,39.95329,"B"
-83.93892,40.65572,"B"
-83.40573,38.89665,"B"
-82.24155,39.47642,"B"
-82.1334,40.25597,"B"
-81.96845,40.2287,"B"
-80.54558,41.72735,"B"
-82.82491,41.42364,"B"
-81.99847,40.35097,"B"
-83.43667,41.14896,"B"
-81.99955,40.3244,"B"
-81.26559,40.33345,"B"
-81.92994,41.2804,"B"
-82.21939,41.27939,"B"
-81.82391,41.09302,"B"
-81.02917,39.75531,"B"
-81.28671,39.93154,"B"
-81.38112,41.31405,"B"
-81.32425,41.17646,"B"
-81.1414,41.10715,"B"
-81.3741,41.06499,"B"
-84.48506,39.64146,"B"
-82.64864,40.74705,"B"
-83.18179,38.77727,"B"
-81.34993,40.62147,"B"
-83.44371,40.47326,"B"
-82.3997,39.25109,"B"
-81.25576,40.42655,"B"
-81.5693,40.6298,"B"
-81.1455,41.2599,"B"
-80.62124,41.1462,"B"
-81.22745,41.3235,"B"
-83.63251,40.16815,"B"
-80.89606,40.54269,"B"
-80.64211,40.34042,"B"
-80.59236,40.72943,"B"
-82.12263,41.38274,"B"
-81.37181,41.16187,"B"
-80.67828,40.3725,"B"
-81.40079,39.63382,"B"
-82.6353,39.5246,"B"
-81.49697,40.0799,"B"
-81.2558,40.42687,"B"
-82.27037,39.24523,"B"
-84.15971,39.8494,"B"
-83.12916,38.68516,"B"
-82.41861,41.0672,"B"
-82.38627,40.99562,"B"
-81.57021,41.35208,"B"
-80.57396,40.69334,"B"
-81.47081,39.64081,"B"
-83.56088,40.01979,"B"
-81.33134,41.15845,"B"
-84.36754,39.61205,"B"
-81.56152,41.31609,"B"
-83.06977,41.48962,"B"
-81.28275,41.50086,"B"
-81.52101,40.11632,"B"
-81.27506,41.38199,"B"
-81.5518,40.1138,"B"
-80.616,40.725,"B"
-82.79665,39.10495,"B"
-81.1188,40.20275,"B"
-81.20422,39.86019,"B"
-81.60838,41.25248,"B"
-81.3654,41.05931,"B"
-89.34647,39.74678,"B"
-81.32337,40.79362,"B"
-80.85832,41.12884,"B"
-80.90944,40.64049,"B"
-84.1317,39.03501,"B"
-81.37085,39.42635,"B"
-83.12891,38.69322,"B"
-82.63536,39.59947,"B"
-81.64181,41.16984,"B"
-81.26729,40.90177,"B"
-80.84143,41.81429,"B"
-81.36305,41.06194,"B"
-95.04778,34.75139,"B"
-99.81514,34.73153,"B"
-94.93722,34.53889,"B"
-94.63111,34.84167,"B"
-97.24139,35.21111,"B"
-94.92667,36.4075,"B"
-95.34111,35.00278,"B"
-94.96639,34.72195,"B"
-94.70278,34.52667,"B"
-94.60042,34.45195,"B"
-94.91928,34.52436,"B"
-94.685,34.695,"B"
-94.575,34.64583,"B"
-94.98001,35.56637,"B"
-94.7264,34.73966,"B"
-94.7297,34.74338,"B"
-94.49968,34.49108,"B"
-99,35,"B"
-122.3755,43.69005,"B"
-122.4808,45.03255,"B"
-123.9599,43.7827,"B"
-123.466,45.7351,"B"
-119.6389,45.83675,"B"
-122.2777,45.40023,"B"
-123.455,43.7667,"B"
-121.3815,43.94225,"B"
-122.275,42.47,"B"
-122.1647,44.99745,"B"
-122.1631,44.9979,"B"
-123.7718,44.96651,"B"
-121.7745,45.5666,"B"
-122.0833,43.5883,"B"
-122.3057,44.97487,"B"
-121.7115,45.32301,"B"
-122.3759,43.20335,"B"
-122.7465,42.08845,"B"
-123.6664,45.07072,"B"
-123.625,45.70835,"B"
-123.3724,44.09462,"B"
-123.3601,45.76569,"B"
-123.4911,43.16815,"B"
-123.4462,44.86875,"B"
-123.9211,45.99378,"B"
-123.3322,42.56805,"B"
-122.2328,42.4356,"B"
-121.8214,45.49805,"B"
-122.5674,44.79307,"B"
-122.2487,45.4684,"B"
-121.5684,45.25725,"B"
-122.2728,44.8623,"B"
-118.6131,45.58982,"B"
-121.886,45.2075,"B"
-121.8165,44.6335,"B"
-118.8215,43.85975,"B"
-123.4043,42.09224,"B"
-123.6481,42.16298,"B"
-123.5792,45.0487,"B"
-123.2665,45.4915,"B"
-122.8494,44.6616,"B"
-122.7789,45.03575,"B"
-121.3338,44.1263,"B"
-118.5908,44.5385,"B"
-121.8829,43.8628,"B"
-124.0255,42.6425,"B"
-123.296,45.82565,"B"
-121.6347,43.7151,"B"
-121.424,45.4051,"B"
-121.6444,45.5775,"B"
-122.3803,45.1867,"B"
-123.5834,44.8458,"B"
-122.8042,43.6583,"B"
-122.9546,45.7492,"B"
-124.3688,43.1786,"B"
-121.9683,44.4625,"B"
-122.4,44.9633,"B"
-122.5541,43.296,"B"
-123.5417,45.93701,"B"
-120.2782,44.0639,"B"
-118.7717,44.7751,"B"
-123.2433,44.6693,"B"
-118.0603,45.80374,"B"
-122.0449,43.6947,"B"
-124.426,42.4018,"B"
-122.1874,44.699,"B"
-122.277,45.4861,"B"
-121.9446,42.23865,"B"
-121.9547,45.3207,"B"
-123.3333,42.0833,"B"
-118.5518,45.3712,"B"
-118.5658,45.6764,"B"
-122.7875,45.11259,"B"
-121.9531,44.15568,"B"
-123.2675,43.6744,"B"
-121.5134,45.38736,"B"
-123.4573,46.03193,"B"
-117.925,45.91665,"B"
-123.2916,42.125,"B"
-123.75,42.22501,"B"
-123.5036,43.61538,"B"
-122.8887,43.40867,"B"
-123.5524,44.50455,"B"
-118.0891,44.68557,"B"
-121.3866,42.36945,"B"
-79.3178,41.47511,"B"
-78.39445,41.31268,"B"
-77.7011,41.845,"B"
-80.19804,40.50322,"B"
-77.62407,40.61798,"B"
-77.99314,41.70813,"B"
-75.9799,41.79985,"B"
-78.52589,40.65083,"B"
-79.8944,40.29929,"B"
-78.04547,41.34404,"B"
-76.2074,39.72785,"B"
-71.58906,41.4596,"B"
-71.74425,41.81391,"B"
-80.80685,34.0431,"B"
-80.65645,32.9032,"B"
-81.861,35.148,"B"
-81.396,34.421,"B"
-79.884,33.132,"B"
-78.3829,33.5155,"B"
-82.82005,34.35765,"B"
-80.559,32.825,"B"
-80.95958,32.29968,"B"
-80.45451,33.04536,"B"
-82.7962,35.01305,"B"
-103.6183,44.38611,"B"
-89.91499,35.5035,"B"
-88.65445,36.12292,"B"
-85.89745,35.88435,"B"
-89.3808,35.0055,"B"
-82.98764,36.36264,"B"
-86.9094,35.1918,"B"
-88.30945,35.80762,"B"
-88.76775,36.0165,"B"
-86.36485,35.94778,"B"
-83.73153,36.19408,"B"
-83.3626,35.46865,"B"
-89.94,35.226,"B"
-83.47566,35.64151,"B"
-84.05056,35.40472,"B"
-85.75014,35.23036,"B"
-85.02585,35.5467,"B"
-89.7735,35.416,"B"
-87.2352,35.0228,"B"
-83.21461,36.38632,"B"
-87.2932,35.3218,"B"
-86.2011,35.9978,"B"
-84.8215,35.129,"B"
-82.3045,36.0925,"B"
-84.85902,36.39403,"B"
-87.44963,35.78439,"B"
-89.0912,35.8606,"B"
-82.31094,36.42846,"B"
-86.9803,36.0917,"B"
-87.0886,36.1874,"B"
-87.8084,35.545,"B"
-95.77,33.24722,"B"
-101.5361,33.45278,"B"
-93.87194,31.56,"B"
-98.03083,29.57444,"B"
-94.11611,33.37917,"B"
-96.55,30.33333,"B"
-94.25556,33.18528,"B"
-97.06667,28.725,"B"
-96.80417,32.5175,"B"
-96.69583,32.26889,"B"
-96.53,33.75556,"B"
-94.81806,32.4125,"B"
-95.70861,31.40444,"B"
-94.33334,31.33333,"B"
-95.68333,31.78333,"B"
-95.62861,33.82722,"B"
-94.20695,32.1,"B"
-96.96333,33.81861,"B"
-97.81083,29.385,"B"
-100.8361,33.62167,"B"
-98.05,32.53333,"B"
-96.27306,33.59,"B"
-95.58334,30.95972,"B"
-95.54278,33.33,"B"
-95.24917,33.34139,"B"
-94.86833,32.28944,"B"
-95.41817,32.51556,"B"
-100.5167,31.84167,"B"
-94.37361,32.65,"B"
-94.6,32.9,"B"
-96.2,31.87333,"B"
-96.04472,28.8,"B"
-98.38333,32.83333,"B"
-93.68333,30.76667,"B"
-95.71278,30.52694,"B"
-95.36166,30.405,"B"
-100.4104,29.24665,"B"
-96.59167,30.525,"B"
-95.12305,30.55,"B"
-93.89,30.43444,"B"
-94.58,30.71139,"B"
-94.66653,30.66986,"B"
-95.5,29,"B"
-95.13,30.46,"B"
-93.97194,30.33778,"B"
-95.47556,30.14378,"B"
-95.77908,30.54366,"B"
-100.545,30.566,"B"
-95.20691,31.50773,"B"
-97.59946,31.37756,"B"
-100.4219,31.44815,"B"
-98.34489,32.817,"B"
-98.53998,31.4771,"B"
-95.75645,30.812,"B"
-97.03784,33.27303,"B"
-95.92831,33.79094,"B"
-96.76199,33.81435,"B"
-97.02299,33.33614,"B"
-94.52925,33.05685,"B"
-97.815,32.475,"B"
-111.2186,39.64175,"B"
-111.6068,40.25622,"B"
-111.63,40.42,"B"
-110,40.65,"B"
-109.75,40.9,"B"
-111.23,39.48,"B"
-111.625,40.9,"B"
-109.725,40.915,"B"
-109.575,40.75,"B"
-111.5986,40.26705,"B"
-110.825,40.825,"B"
-110.9325,40.77988,"B"
-111.6149,41.6359,"B"
-110.8139,40.61087,"B"
-110.3583,40.61125,"B"
-111.5833,41.41125,"B"
-111.6956,40.34937,"B"
-111.6348,41.49955,"B"
-111.6631,38.8204,"B"
-111.1339,39.58375,"B"
-111.8189,40.9744,"B"
-111.6508,40.60779,"B"
-79.49707,37.53434,"B"
-77.34879,38.80319,"B"
-76.77447,37.1694,"B"
-76.28729,36.5884,"B"
-82.4179,36.8778,"B"
-80.04166,36.94165,"B"
-80.8797,37.00085,"B"
-78.9279,37.9808,"B"
-79.16096,38.54602,"B"
-76.364,36.6765,"B"
-79.14478,38.56546,"B"
-78.5367,38.36885,"B"
-77.90815,37.047,"B"
-79.65548,38.44714,"B"
-77.90815,37.047,"B"
-73.0723,43.1635,"B"
-121.8053,48.64056,"B"
-121.0922,46.98333,"B"
-117.6767,46.33333,"B"
-122.1914,46.04722,"B"
-123.1967,47.5616,"B"
-122.5386,47.0044,"B"
-121.3051,46.8733,"B"
-122.1914,47.79111,"B"
-120.5122,48.59694,"B"
-122.3442,46.71,"B"
-121.5825,45.91694,"B"
-120.835,47.495,"B"
-120.9591,47.8498,"B"
-120.6705,47.4644,"B"
-123.5864,48.0281,"B"
-122.3353,45.69,"B"
-122.8994,47.7442,"B"
-121.6406,48.02611,"B"
-121.6508,45.75056,"B"
-120.3,47.29833,"B"
-124.053,47.0413,"B"
-120.7967,47.14472,"B"
-123.6619,47.01139,"B"
-117.9486,46.03333,"B"
-121.7569,47.5225,"B"
-121.4317,47.425,"B"
-121.5356,47.3958,"B"
-121.7565,47.1998,"B"
-120.8908,47.25722,"B"
-121.2692,46.93333,"B"
-121.2981,46.87139,"B"
-121.7731,47.4317,"B"
-122.9367,46.49139,"B"
-121.4625,46.55139,"B"
-123.2334,47.3542,"B"
-120.1075,48.61972,"B"
-117.4694,48.66611,"B"
-122.5386,47.00444,"B"
-122.7607,46.9363,"B"
-122.5789,47.32944,"B"
-121.8211,47.05472,"B"
-122.5819,47.3724,"B"
-122.4328,47.15556,"B"
-122.1967,46.06333,"B"
-121.7913,46.3341,"B"
-122.0514,46.17861,"B"
-121.8134,47.8895,"B"
-122.4133,46.803,"B"
-122.4133,46.803,"B"
-122.1483,48.78056,"B"
-121.1458,46.5602,"B"
-117.1153,47.92528,"B"
-121.705,48.2688,"B"
-122.0874,47.0945,"B"
-122.015,46.10444,"B"
-121.6594,47.1608,"B"
-121.725,47.41,"B"
-120.2758,47.19944,"B"
-122.1283,46.10861,"B"
-118.0519,46.0675,"B"
-121.0777,47.2842,"B"
-121.2764,46.82167,"B"
-121.1544,47.7117,"B"
-123.1583,47.2641,"B"
-121.8,46.1333,"B"
-121.6667,45.9667,"B"
-122.4275,46.5347,"B"
-121.9697,47.85556,"B"
-122.8241,48.09725,"B"
-118.9844,48.40611,"B"
-117.6454,47.981,"B"
-121.0638,46.621,"B"
-121.7064,46.08515,"B"
-121.7944,46.1036,"B"
-121.8078,48.2775,"B"
-121.6278,48.72917,"B"
-122.0375,47.40667,"B"
-122.82,46.37,"B"
-122.0252,46.5256,"B"
-121.1008,47.3991,"B"
-120.319,47.4822,"B"
-121.9191,46.0969,"B"
-120.718,47.8323,"B"
-118.9505,47.9093,"B"
-122.2864,47.0586,"B"
-121.1692,45.88039,"B"
-124.5301,47.9477,"B"
-121.3676,47.8901,"B"
-121.9192,46.21583,"B"
-119.7023,48.9138,"B"
-123.8979,47.4645,"B"
-121.6967,48.9058,"B"
-121.5497,47.0228,"B"
-121.6606,46.7225,"B"
-123.1208,47.5958,"B"
-122.2738,46.79955,"B"
-123.4898,47.2293,"B"
-121.8864,45.723,"B"
-122.885,47.23194,"B"
-121.4454,47.46312,"B"
-122.8531,47.9237,"B"
-122.6916,48.247,"B"
-121.5633,47.40245,"B"
-122.0262,48.21095,"B"
-121.4044,47.33515,"B"
-121.8943,47.16145,"B"
-123.7108,48.08025,"B"
-121.6669,46.01665,"B"
-122.3416,46.44165,"B"
-123.3958,47.2055,"B"
-121.7512,46.0803,"B"
-122.2985,46.951,"B"
-121.7812,47.4352,"B"
-123.8647,46.988,"B"
-123.7349,48.1368,"B"
-122.0247,48.9294,"B"
-121.7476,46.0189,"B"
-122.1301,46.3751,"B"
-122.2196,48.78336,"B"
-124.3324,47.5532,"B"
-123.2383,46.8434,"B"
-117.2833,48.79056,"B"
-120.2238,47.2637,"B"
-120.715,47.775,"B"
-121.3603,46.74778,"B"
-122.5926,47.0849,"B"
-123.9364,47.86028,"B"
-122.195,47.275,"B"
-121.1544,47.71167,"B"
-122.1761,45.4549,"B"
-124.1736,46.92694,"B"
-122.0297,46.75861,"B"
-121.9313,46.09035,"B"
-123.8796,47.86697,"B"
-123.8358,46.93755,"B"
-121.1958,47.79222,"B"
-121.3685,48.66175,"B"
-120.7426,47.74435,"B"
-122.3291,46.13795,"B"
-120.1611,48.45809,"B"
-117.3672,48.86479,"B"
-122.535,47.7504,"B"
-123.582,47.969,"B"
-121.5775,46.14853,"B"
-123.2008,47.3978,"B"
-119.0802,48.71545,"B"
-121.5777,48.22336,"B"
-119.7595,48.3912,"B"
-123.1976,47.396,"B"
-119.5423,48.94655,"B"
-120.1611,48.45809,"B"
-121.4844,47.1144,"B"
-122.9316,46.50511,"B"
-119.187,48.32956,"B"
-122.105,47.6597,"B"
-121.8221,46.74551,"B"
-122.6893,46.94445,"B"
-122.0467,46.74621,"B"
-122.1931,46.11887,"B"
-121.8738,46.40153,"B"
-121.45,47.09685,"B"
-121.6738,47.86405,"B"
-122.5377,47.74225,"B"
-121.905,48.105,"B"
-121.5354,47.55477,"B"
-122.9539,48.03632,"B"
-121.9677,48.11509,"B"
-123.6886,46.35099,"B"
-122.8665,47.28435,"B"
-123.2349,46.63153,"B"
-123.9878,47.2331,"B"
-122.2484,47.1787,"B"
-122.0303,46.39019,"B"
-121.9563,47.00008,"B"
-121.936,46.48441,"B"
-122.3574,46.878,"B"
-121.6321,46.99857,"B"
-121.718,45.9216,"B"
-123.0533,47.71782,"B"
-122.5089,48.17107,"B"
-118.5905,48.51673,"B"
-121.851,48.13025,"B"
-122.6361,46.51479,"B"
-121.2957,46.52485,"B"
-118.5545,48.7844,"B"
-118.4102,48.95876,"B"
-121.4008,47.97205,"B"
-124.0273,46.31401,"B"
-121.7576,45.96578,"B"
-122.5572,46.38448,"B"
-122.0571,46.81398,"B"
-122.5319,46.49406,"B"
-122.8722,46.50105,"B"
-122.0566,46.75225,"B"
-122.6997,46.98578,"B"
-123.2259,47.46872,"B"
-122.2842,46.55354,"B"
-121.921,45.83632,"B"
-123.0235,46.50835,"B"
-123.1267,47.29435,"B"
-123.2005,47.41995,"B"
-123.7095,46.82742,"B"
-123.5436,47.94485,"B"
-122.0053,47.47952,"B"
-124.2306,47.2838,"B"
-122.7043,46.86044,"B"
-122.2322,48.0538,"B"
-118.4379,48.60844,"B"
-121.6692,47.90079,"B"
-122.6317,46.97441,"B"
-123.4013,46.71103,"B"
-122.6028,47.147,"B"
-121.6014,46.68102,"B"
-122.5308,46.59632,"B"
-91.87774,45.5258,"B"
-88.12464,45.43522,"B"
-90.1687,43.06171,"B"
-92.30575,46.05229,"B"
-89.8741,45.7264,"B"
-92.683,45.776,"B"
-88.1255,43.1575,"B"
-89.66195,46.0484,"B"
-90.46,45.94,"B"
-89.7384,45.9555,"B"
-91.1713,46.6425,"B"
-90.7167,44.4723,"B"
-88.3245,43.251,"B"
-90.90444,46.59847,"B"
-87.49564,44.69867,"B"
-91.10812,46.25961,"B"
-88.5233,45.02176,"B"
-89.18135,43.8708,"B"
-88.38782,45.95359,"B"
-87.63705,45.05592,"B"
-79.32608,39.06881,"B"
-81,38,"B"
-82.52633,38.38096,"B"
-81.60155,37.46292,"B"
-80.51534,38.27832,"B"
-82.07358,38.46118,"B"
-82.25949,38.5464,"B"
-79.33517,38.90203,"B"
-81.14714,37.80531,"B"
-82.0849,38.8448,"B"
-79.7802,38.7084,"B"
-79.5653,38.6934,"B"
-79.3999,38.8554,"B"
-80.17528,38.10833,"B"
-81.14833,39.61958,"B"
-80.5621,39.6723,"B"
-80.19044,38.10785,"B"
-79.52835,38.7016,"B"
-79.98335,39.05,"B"
-80.985,39.51,"B"
-81.5784,38.8317,"B"
-80.17294,38.20065,"B"
-81.0321,38.7365,"B"
-79.9442,39.6716,"B"
-82.0029,37.75415,"B"
-79.665,39.9433,"B"
-79.95695,38.8762,"B"
-80.429,38.312,"B"
-81.1447,37.6665,"B"
-79.98,38.55,"B"
-79.495,38.788,"B"
-80.915,39.355,"B"
-81.8,37.515,"B"
-82.4438,38.3248,"B"
-79.18524,38.57502,"B"
-109.6429,44.49817,"B"
-110.5979,42.4829,"B"
-110.9967,42.4914,"B"
-104.1665,44.4165,"B"
-86.17965,33.94175,"C"
-86.68,34.1288,"C"
-92.33472,33.1075,"C"
-117.1564,32.71528,"C"
-84.5422,33.4996,"C"
-89.3595,37.745,"C"
-89.0111,37.846,"C"
-88.9094,38.4975,"C"
-89.918,38.809,"C"
-111.9744,47.17833,"C"
-114.0906,47.03222,"C"
-105.8642,48.03278,"C"
-94.89986,31.87791,"C"
-94.96611,31.22333,"C"
-121.0415,47.47745,"C"
-124.2933,47.57778,"C"
-122.0456,47.5103,"C"
-91.33662,43.98694,"C"
